Order_ID,Order_Date,Customer_ID,Product,Category,Region,City,Quantity,Unit_Price,Discount,Sales,Cost,Profit,Payment_Mode,Year,Month,Year_Month,Profit_Margin_Pct,Discount_Band,Is_Loss
ORD-100001,2024-01-01,C1083,Pen Set,Stationery,South,Hyderabad,2,285.0,0.05,541.5,293.23,248.27,UPI,2024,1,2024-01,45.85,5%,0
ORD-100002,2024-01-01,C1035,Sofa Set,Furniture,North,Lucknow,2,30637.0,0.2,49019.2,54419.49,-5400.29,Cash on Delivery,2024,1,2024-01,-11.02,20%,1
ORD-100003,2024-01-02,C1064,Desk Organizer,Stationery,East,Kolkata,1,678.0,0.1,610.2,367.87,242.33,UPI,2024,1,2024-01,39.71,10%,0
ORD-100004,2024-01-02,C1269,Smartphone,Electronics,West,Pune,2,30191.0,0.1,54343.8,46500.69,7843.11,Cash on Delivery,2024,1,2024-01,14.43,10%,0
ORD-100005,2024-01-03,C1020,Air Fryer,Home & Kitchen,East,Kolkata,3,6908.0,0.0,20724.0,12875.59,7848.41,Cash on Delivery,2024,1,2024-01,37.87,0%,0
ORD-100006,2024-01-04,C1218,Office Chair,Furniture,West,Pune,1,8267.0,0.0,8267.0,6960.31,1306.69,Debit Card,2024,1,2024-01,15.81,0%,0
ORD-100007,2024-01-05,C1065,Pen Set,Stationery,South,Hyderabad,3,296.0,0.0,888.0,451.44,436.56,Debit Card,2024,1,2024-01,49.16,0%,0
ORD-100008,2024-01-05,C1173,Mixer Grinder,Home & Kitchen,North,Chandigarh,1,4293.0,0.0,4293.0,2632.25,1660.75,Cash on Delivery,2024,1,2024-01,38.69,0%,0
ORD-100009,2024-01-05,C1415,Notebook Pack,Stationery,South,Hyderabad,8,481.0,0.2,3078.4,1970.1,1108.3,UPI,2024,1,2024-01,36.0,20%,0
ORD-100010,2024-01-06,C1047,Smartphone,Electronics,South,Hyderabad,2,26947.0,0.05,51199.3,46474.54,4724.76,Debit Card,2024,1,2024-01,9.23,5%,0
ORD-100011,2024-01-06,C1066,Sunglasses,Fashion,North,Delhi,2,1571.0,0.0,3142.0,1332.23,1809.77,UPI,2024,1,2024-01,57.6,0%,0
ORD-100012,2024-01-08,C1365,Study Desk,Furniture,South,Bengaluru,1,7866.0,0.1,7079.4,5870.04,1209.36,Net Banking,2024,1,2024-01,17.08,10%,0
ORD-100013,2024-01-09,C1089,Air Fryer,Home & Kitchen,East,Bhubaneswar,2,6723.0,0.05,12773.7,8380.32,4393.38,Credit Card,2024,1,2024-01,34.39,5%,0
ORD-100014,2024-01-11,C1075,Headphones,Electronics,North,Lucknow,2,3385.0,0.25,5077.5,4283.98,793.52,UPI,2024,1,2024-01,15.63,25%,0
ORD-100015,2024-01-12,C1404,Sofa Set,Furniture,West,Ahmedabad,2,32742.0,0.0,65484.0,53768.03,11715.97,Credit Card,2024,1,2024-01,17.89,0%,0
ORD-100016,2024-01-12,C1359,Running Shoes,Fashion,North,Lucknow,4,3406.0,0.05,12942.8,7239.1,5703.7,Credit Card,2024,1,2024-01,44.07,5%,0
ORD-100017,2024-01-12,C1217,Study Desk,Furniture,West,Pune,1,7161.0,0.0,7161.0,5931.15,1229.85,Credit Card,2024,1,2024-01,17.17,0%,0
ORD-100018,2024-01-13,C1037,Smartphone,Electronics,East,Kolkata,3,29134.0,0.0,87402.0,68785.29,18616.71,UPI,2024,1,2024-01,21.3,0%,0
ORD-100019,2024-01-13,C1086,Tablet,Electronics,North,Delhi,2,23083.0,0.0,46166.0,38431.52,7734.48,Credit Card,2024,1,2024-01,16.75,0%,0
ORD-100020,2024-01-13,C1318,Mixer Grinder,Home & Kitchen,South,Bengaluru,3,4374.0,0.15,11153.7,8056.0,3097.7,Credit Card,2024,1,2024-01,27.77,15%,0
ORD-100021,2024-01-14,C1047,Sofa Set,Furniture,South,Hyderabad,1,33165.0,0.0,33165.0,26849.99,6315.01,UPI,2024,1,2024-01,19.04,0%,0
ORD-100022,2024-01-15,C1280,Mixer Grinder,Home & Kitchen,West,Mumbai,1,4220.0,0.0,4220.0,2677.25,1542.75,UPI,2024,1,2024-01,36.56,0%,0
ORD-100023,2024-01-16,C1257,Cookware Set,Home & Kitchen,South,Chennai,1,3853.0,0.25,2889.75,2315.06,574.69,Credit Card,2024,1,2024-01,19.89,25%,0
ORD-100024,2024-01-16,C1014,Backpack,Fashion,West,Pune,2,1931.0,0.0,3862.0,1773.64,2088.36,Cash on Delivery,2024,1,2024-01,54.07,0%,0
ORD-100025,2024-01-17,C1023,Cookware Set,Home & Kitchen,South,Bengaluru,1,3641.0,0.1,3276.9,2221.39,1055.51,Cash on Delivery,2024,1,2024-01,32.21,10%,0
ORD-100026,2024-01-17,C1242,Desk Organizer,Stationery,North,Delhi,1,670.0,0.0,670.0,367.14,302.86,Debit Card,2024,1,2024-01,45.2,0%,0
ORD-100027,2024-01-17,C1040,Headphones,Electronics,North,Delhi,1,3467.0,0.05,3293.65,2197.04,1096.61,Net Banking,2024,1,2024-01,33.29,5%,0
ORD-100028,2024-01-18,C1380,Mixer Grinder,Home & Kitchen,South,Chennai,1,4212.0,0.15,3580.2,2689.04,891.16,UPI,2024,1,2024-01,24.89,15%,0
ORD-100029,2024-01-19,C1122,Desk Organizer,Stationery,South,Hyderabad,1,620.0,0.05,589.0,373.64,215.36,Credit Card,2024,1,2024-01,36.56,5%,0
ORD-100030,2024-01-21,C1131,Pen Set,Stationery,North,Chandigarh,3,305.0,0.05,869.25,458.69,410.56,UPI,2024,1,2024-01,47.23,5%,0
ORD-100031,2024-01-22,C1224,Headphones,Electronics,East,Kolkata,3,3631.0,0.1,9803.7,6616.97,3186.73,Credit Card,2024,1,2024-01,32.51,10%,0
ORD-100032,2024-01-22,C1050,Laptop,Electronics,North,Delhi,3,52527.0,0.05,149701.95,131964.29,17737.66,UPI,2024,1,2024-01,11.85,5%,0
ORD-100033,2024-01-22,C1214,Sunglasses,Fashion,West,Ahmedabad,1,1557.0,0.0,1557.0,668.77,888.23,Credit Card,2024,1,2024-01,57.05,0%,0
ORD-100034,2024-01-23,C1141,Sunglasses,Fashion,East,Patna,3,1489.0,0.1,4020.3,2042.91,1977.39,UPI,2024,1,2024-01,49.19,10%,0
ORD-100035,2024-01-24,C1401,Denim Jacket,Fashion,South,Hyderabad,4,2673.0,0.0,10692.0,5826.53,4865.47,Credit Card,2024,1,2024-01,45.51,0%,0
ORD-100036,2024-01-24,C1411,Laptop,Electronics,West,Ahmedabad,3,55503.0,0.25,124881.75,130311.01,-5429.26,Net Banking,2024,1,2024-01,-4.35,25%,1
ORD-100037,2024-01-25,C1247,Pen Set,Stationery,West,Ahmedabad,6,293.0,0.1,1582.2,924.0,658.2,Credit Card,2024,1,2024-01,41.6,10%,0
ORD-100038,2024-01-25,C1062,Study Desk,Furniture,South,Hyderabad,2,7806.0,0.25,11709.0,11660.41,48.59,Debit Card,2024,1,2024-01,0.41,25%,0
ORD-100039,2024-01-26,C1037,Pen Set,Stationery,East,Kolkata,1,289.0,0.1,260.1,146.12,113.98,Net Banking,2024,1,2024-01,43.82,10%,0
ORD-100040,2024-01-26,C1408,Backpack,Fashion,East,Bhubaneswar,3,1915.0,0.15,4883.25,2702.58,2180.67,UPI,2024,1,2024-01,44.66,15%,0
ORD-100041,2024-01-27,C1046,Backpack,Fashion,North,Delhi,4,1864.0,0.05,7083.2,3503.75,3579.45,UPI,2024,1,2024-01,50.53,5%,0
ORD-100042,2024-01-27,C1276,Tablet,Electronics,West,Mumbai,1,23150.0,0.0,23150.0,19093.02,4056.98,Net Banking,2024,1,2024-01,17.52,0%,0
ORD-100043,2024-01-27,C1295,Running Shoes,Fashion,North,Lucknow,2,3207.0,0.1,5772.6,3432.64,2339.96,Net Banking,2024,1,2024-01,40.54,10%,0
ORD-100044,2024-01-28,C1369,Pen Set,Stationery,North,Delhi,2,307.0,0.1,552.6,308.72,243.88,UPI,2024,1,2024-01,44.13,10%,0
ORD-100045,2024-01-29,C1250,Smartphone,Electronics,North,Delhi,2,27797.0,0.0,55594.0,46185.16,9408.84,UPI,2024,1,2024-01,16.92,0%,0
ORD-100046,2024-01-31,C1020,Smartwatch,Electronics,East,Kolkata,1,8976.0,0.2,7180.8,6238.26,942.54,Debit Card,2024,1,2024-01,13.13,20%,0
ORD-100047,2024-01-31,C1148,Notebook Pack,Stationery,South,Bengaluru,1,476.0,0.1,428.4,240.09,188.31,UPI,2024,1,2024-01,43.96,10%,0
ORD-100048,2024-01-31,C1350,Desk Organizer,Stationery,North,Chandigarh,7,697.0,0.2,3903.2,2563.07,1340.13,Debit Card,2024,1,2024-01,34.33,20%,0
ORD-100049,2024-02-01,C1354,Denim Jacket,Fashion,East,Kolkata,2,2662.0,0.15,4525.4,2963.2,1562.2,Credit Card,2024,2,2024-02,34.52,15%,0
ORD-100050,2024-02-02,C1139,Bookshelf,Furniture,East,Patna,1,5916.0,0.05,5620.2,4276.39,1343.81,Credit Card,2024,2,2024-02,23.91,5%,0
ORD-100051,2024-02-02,C1246,Running Shoes,Fashion,South,Hyderabad,4,3220.0,0.2,10304.0,7222.52,3081.48,Credit Card,2024,2,2024-02,29.91,20%,0
ORD-100052,2024-02-02,C1316,Denim Jacket,Fashion,North,Delhi,4,2965.0,0.1,10674.0,5893.88,4780.12,Debit Card,2024,2,2024-02,44.78,10%,0
ORD-100053,2024-02-02,C1333,Air Fryer,Home & Kitchen,South,Hyderabad,2,6351.0,0.1,11431.8,8323.88,3107.92,Net Banking,2024,2,2024-02,27.19,10%,0
ORD-100054,2024-02-02,C1057,Mixer Grinder,Home & Kitchen,North,Delhi,2,4436.0,0.1,7984.8,5459.32,2525.48,Credit Card,2024,2,2024-02,31.63,10%,0
ORD-100055,2024-02-03,C1183,Pen Set,Stationery,East,Bhubaneswar,4,307.0,0.1,1105.2,607.85,497.35,Credit Card,2024,2,2024-02,45.0,10%,0
ORD-100056,2024-02-03,C1364,Backpack,Fashion,South,Bengaluru,1,1869.0,0.0,1869.0,924.79,944.21,Debit Card,2024,2,2024-02,50.52,0%,0
ORD-100057,2024-02-04,C1437,Desk Organizer,Stationery,West,Pune,9,695.0,0.1,5629.5,3326.26,2303.24,Credit Card,2024,2,2024-02,40.91,10%,0
ORD-100058,2024-02-04,C1230,Notebook Pack,Stationery,West,Pune,8,478.0,0.0,3824.0,1965.86,1858.14,Credit Card,2024,2,2024-02,48.59,0%,0
ORD-100059,2024-02-04,C1047,Denim Jacket,Fashion,South,Hyderabad,2,2716.0,0.05,5160.4,2833.15,2327.25,UPI,2024,2,2024-02,45.1,5%,0
ORD-100060,2024-02-05,C1075,Backpack,Fashion,North,Lucknow,4,1875.0,0.15,6375.0,3541.31,2833.69,Credit Card,2024,2,2024-02,44.45,15%,0
ORD-100061,2024-02-05,C1136,Headphones,Electronics,North,Chandigarh,3,3729.0,0.2,8949.6,6402.68,2546.92,UPI,2024,2,2024-02,28.46,20%,0
ORD-100062,2024-02-06,C1214,Backpack,Fashion,West,Ahmedabad,3,1943.0,0.0,5829.0,2757.02,3071.98,Net Banking,2024,2,2024-02,52.7,0%,0
ORD-100063,2024-02-06,C1154,Sunglasses,Fashion,North,Delhi,2,1526.0,0.15,2594.2,1349.86,1244.34,Cash on Delivery,2024,2,2024-02,47.97,15%,0
ORD-100064,2024-02-06,C1227,Mixer Grinder,Home & Kitchen,West,Ahmedabad,1,4378.0,0.05,4159.1,2753.24,1405.86,UPI,2024,2,2024-02,33.8,5%,0
ORD-100065,2024-02-08,C1365,Desk Organizer,Stationery,South,Bengaluru,1,690.0,0.15,586.5,372.63,213.87,Debit Card,2024,2,2024-02,36.47,15%,0
ORD-100066,2024-02-08,C1137,Headphones,Electronics,North,Delhi,2,3528.0,0.05,6703.2,4310.58,2392.62,Net Banking,2024,2,2024-02,35.69,5%,0
ORD-100067,2024-02-09,C1333,Office Chair,Furniture,South,Hyderabad,1,8156.0,0.15,6932.6,7097.89,-165.29,Debit Card,2024,2,2024-02,-2.38,15%,1
ORD-100068,2024-02-09,C1359,Pen Set,Stationery,North,Lucknow,8,300.0,0.05,2280.0,1220.11,1059.89,UPI,2024,2,2024-02,46.49,5%,0
ORD-100069,2024-02-09,C1148,Notebook Pack,Stationery,South,Bengaluru,5,475.0,0.0,2375.0,1274.45,1100.55,Net Banking,2024,2,2024-02,46.34,0%,0
ORD-100070,2024-02-09,C1428,Pen Set,Stationery,West,Ahmedabad,1,302.0,0.0,302.0,146.67,155.33,Credit Card,2024,2,2024-02,51.43,0%,0
ORD-100071,2024-02-10,C1421,Tablet,Electronics,West,Pune,2,20911.0,0.0,41822.0,36724.46,5097.54,UPI,2024,2,2024-02,12.19,0%,0
ORD-100072,2024-02-10,C1147,Air Fryer,Home & Kitchen,South,Hyderabad,1,6695.0,0.2,5356.0,4316.4,1039.6,Debit Card,2024,2,2024-02,19.41,20%,0
ORD-100073,2024-02-10,C1073,Running Shoes,Fashion,North,Chandigarh,2,3173.0,0.1,5711.4,3473.01,2238.39,Credit Card,2024,2,2024-02,39.19,10%,0
ORD-100074,2024-02-11,C1300,Notebook Pack,Stationery,East,Kolkata,10,460.0,0.2,3680.0,2500.61,1179.39,Debit Card,2024,2,2024-02,32.05,20%,0
ORD-100075,2024-02-12,C1047,Smartwatch,Electronics,South,Hyderabad,2,9679.0,0.05,18390.1,12667.3,5722.8,UPI,2024,2,2024-02,31.12,5%,0
ORD-100076,2024-02-12,C1098,Notebook Pack,Stationery,South,Bengaluru,6,475.0,0.1,2565.0,1465.09,1099.91,UPI,2024,2,2024-02,42.88,10%,0
ORD-100077,2024-02-13,C1080,Notebook Pack,Stationery,East,Bhubaneswar,7,431.0,0.05,2866.15,1721.0,1145.15,UPI,2024,2,2024-02,39.95,5%,0
ORD-100078,2024-02-13,C1133,Pen Set,Stationery,North,Delhi,8,293.0,0.0,2344.0,1178.63,1165.37,UPI,2024,2,2024-02,49.72,0%,0
ORD-100079,2024-02-13,C1072,Smartphone,Electronics,South,Chennai,3,28118.0,0.0,84354.0,67692.54,16661.46,Cash on Delivery,2024,2,2024-02,19.75,0%,0
ORD-100080,2024-02-14,C1304,Pen Set,Stationery,North,Delhi,9,294.0,0.05,2513.7,1326.61,1187.09,UPI,2024,2,2024-02,47.22,5%,0
ORD-100081,2024-02-15,C1256,Running Shoes,Fashion,South,Hyderabad,4,3190.0,0.0,12760.0,6974.89,5785.11,Debit Card,2024,2,2024-02,45.34,0%,0
ORD-100082,2024-02-15,C1145,Pen Set,Stationery,North,Chandigarh,7,307.0,0.0,2149.0,1021.86,1127.14,Debit Card,2024,2,2024-02,52.45,0%,0
ORD-100083,2024-02-15,C1188,Smartwatch,Electronics,North,Delhi,1,9120.0,0.0,9120.0,6242.55,2877.45,Cash on Delivery,2024,2,2024-02,31.55,0%,0
ORD-100084,2024-02-16,C1172,Mixer Grinder,Home & Kitchen,North,Lucknow,1,4011.0,0.1,3609.9,2622.24,987.66,Credit Card,2024,2,2024-02,27.36,10%,0
ORD-100085,2024-02-16,C1187,Notebook Pack,Stationery,West,Pune,6,445.0,0.0,2670.0,1478.77,1191.23,Cash on Delivery,2024,2,2024-02,44.62,0%,0
ORD-100086,2024-02-18,C1255,Office Chair,Furniture,West,Pune,1,8831.0,0.0,8831.0,6991.39,1839.61,UPI,2024,2,2024-02,20.83,0%,0
ORD-100087,2024-02-18,C1195,Air Fryer,Home & Kitchen,North,Chandigarh,3,6795.0,0.15,17327.25,13250.11,4077.14,Debit Card,2024,2,2024-02,23.53,15%,0
ORD-100088,2024-02-18,C1374,Pen Set,Stationery,North,Chandigarh,9,313.0,0.15,2394.45,1385.21,1009.24,Credit Card,2024,2,2024-02,42.15,15%,0
ORD-100089,2024-02-19,C1227,Mixer Grinder,Home & Kitchen,West,Ahmedabad,1,4455.0,0.15,3786.75,2736.28,1050.47,Cash on Delivery,2024,2,2024-02,27.74,15%,0
ORD-100090,2024-02-19,C1318,Office Chair,Furniture,South,Bengaluru,1,8911.0,0.2,7128.8,7314.32,-185.52,Credit Card,2024,2,2024-02,-2.6,20%,1
ORD-100091,2024-02-19,C1076,Sunglasses,Fashion,South,Bengaluru,1,1615.0,0.15,1372.75,686.98,685.77,Credit Card,2024,2,2024-02,49.96,15%,0
ORD-100092,2024-02-20,C1086,Tablet,Electronics,North,Delhi,1,23350.0,0.05,22182.5,18240.13,3942.37,Debit Card,2024,2,2024-02,17.77,5%,0
ORD-100093,2024-02-21,C1394,Office Chair,Furniture,West,Mumbai,2,8417.0,0.0,16834.0,14289.88,2544.12,Credit Card,2024,2,2024-02,15.11,0%,0
ORD-100094,2024-02-21,C1206,Notebook Pack,Stationery,South,Chennai,3,448.0,0.0,1344.0,732.62,611.38,Cash on Delivery,2024,2,2024-02,45.49,0%,0
ORD-100095,2024-02-21,C1446,Smartwatch,Electronics,South,Hyderabad,2,8932.0,0.0,17864.0,12266.16,5597.84,Debit Card,2024,2,2024-02,31.34,0%,0
ORD-100096,2024-02-21,C1152,Backpack,Fashion,South,Bengaluru,1,1865.0,0.1,1678.5,923.75,754.75,Cash on Delivery,2024,2,2024-02,44.97,10%,0
ORD-100097,2024-02-21,C1367,Air Fryer,Home & Kitchen,South,Chennai,2,6845.0,0.1,12321.0,8362.89,3958.11,Debit Card,2024,2,2024-02,32.12,10%,0
ORD-100098,2024-02-22,C1039,Desk Organizer,Stationery,South,Bengaluru,5,688.0,0.2,2752.0,1854.03,897.97,Credit Card,2024,2,2024-02,32.63,20%,0
ORD-100099,2024-02-22,C1432,Pen Set,Stationery,South,Bengaluru,10,290.0,0.1,2610.0,1474.94,1135.06,UPI,2024,2,2024-02,43.49,10%,0
ORD-100100,2024-02-23,C1070,Laptop,Electronics,West,Ahmedabad,2,56271.0,0.1,101287.8,88786.25,12501.55,Debit Card,2024,2,2024-02,12.34,10%,0
ORD-100101,2024-02-23,C1122,Denim Jacket,Fashion,South,Hyderabad,2,2666.0,0.0,5332.0,2855.78,2476.22,UPI,2024,2,2024-02,46.44,0%,0
ORD-100102,2024-02-24,C1299,Headphones,Electronics,East,Bhubaneswar,1,3611.0,0.2,2888.8,2208.82,679.98,Credit Card,2024,2,2024-02,23.54,20%,0
ORD-100103,2024-02-25,C1251,Headphones,Electronics,North,Delhi,3,3353.0,0.05,9556.05,6481.8,3074.25,UPI,2024,2,2024-02,32.17,5%,0
ORD-100104,2024-02-26,C1378,Air Fryer,Home & Kitchen,West,Ahmedabad,2,6824.0,0.1,12283.2,8599.74,3683.46,UPI,2024,2,2024-02,29.99,10%,0
ORD-100105,2024-02-26,C1242,Cookware Set,Home & Kitchen,North,Delhi,1,3744.0,0.2,2995.2,2297.01,698.19,Credit Card,2024,2,2024-02,23.31,20%,0
ORD-100106,2024-02-26,C1183,Mixer Grinder,Home & Kitchen,East,Bhubaneswar,1,4247.0,0.0,4247.0,2678.3,1568.7,Debit Card,2024,2,2024-02,36.94,0%,0
ORD-100107,2024-02-27,C1356,Smartphone,Electronics,East,Bhubaneswar,2,27630.0,0.1,49734.0,46340.52,3393.48,Credit Card,2024,2,2024-02,6.82,10%,0
ORD-100108,2024-02-28,C1225,Desk Organizer,Stationery,North,Chandigarh,7,679.0,0.1,4277.7,2597.24,1680.46,UPI,2024,2,2024-02,39.28,10%,0
ORD-100109,2024-02-28,C1124,Denim Jacket,Fashion,East,Patna,4,2793.0,0.1,10054.8,5726.12,4328.68,Net Banking,2024,2,2024-02,43.05,10%,0
ORD-100110,2024-02-29,C1317,Denim Jacket,Fashion,South,Bengaluru,2,2690.0,0.05,5111.0,2829.57,2281.43,Debit Card,2024,2,2024-02,44.64,5%,0
ORD-100111,2024-03-01,C1427,Running Shoes,Fashion,West,Ahmedabad,2,3175.0,0.0,6350.0,3545.37,2804.63,Credit Card,2024,3,2024-03,44.17,0%,0
ORD-100112,2024-03-01,C1094,Running Shoes,Fashion,South,Bengaluru,3,3086.0,0.0,9258.0,5438.1,3819.9,Credit Card,2024,3,2024-03,41.26,0%,0
ORD-100113,2024-03-01,C1429,Laptop,Electronics,North,Lucknow,3,52393.0,0.1,141461.1,135283.63,6177.47,Debit Card,2024,3,2024-03,4.37,10%,0
ORD-100114,2024-03-02,C1439,Denim Jacket,Fashion,South,Hyderabad,2,2674.0,0.25,4011.0,2973.05,1037.95,Cash on Delivery,2024,3,2024-03,25.88,25%,0
ORD-100115,2024-03-02,C1064,Office Chair,Furniture,East,Kolkata,1,8808.0,0.1,7927.2,7321.91,605.29,Debit Card,2024,3,2024-03,7.64,10%,0
ORD-100116,2024-03-02,C1177,Bookshelf,Furniture,West,Pune,2,5320.0,0.0,10640.0,8396.4,2243.6,Net Banking,2024,3,2024-03,21.09,0%,0
ORD-100117,2024-03-02,C1235,Cookware Set,Home & Kitchen,North,Delhi,2,3795.0,0.15,6451.5,4664.31,1787.19,Credit Card,2024,3,2024-03,27.7,15%,0
ORD-100118,2024-03-02,C1226,Notebook Pack,Stationery,North,Lucknow,7,455.0,0.2,2548.0,1720.69,827.31,Credit Card,2024,3,2024-03,32.47,20%,0
ORD-100119,2024-03-03,C1229,Bookshelf,Furniture,West,Pune,1,5615.0,0.05,5334.25,4217.37,1116.88,Net Banking,2024,3,2024-03,20.94,5%,0
ORD-100120,2024-03-05,C1415,Running Shoes,Fashion,South,Hyderabad,3,3126.0,0.1,8440.2,5291.6,3148.6,Net Banking,2024,3,2024-03,37.3,10%,0
ORD-100121,2024-03-05,C1409,Headphones,Electronics,West,Mumbai,3,3567.0,0.05,10165.95,6328.77,3837.18,Credit Card,2024,3,2024-03,37.75,5%,0
ORD-100122,2024-03-05,C1154,Study Desk,Furniture,North,Delhi,2,7758.0,0.05,14740.2,11707.12,3033.08,UPI,2024,3,2024-03,20.58,5%,0
ORD-100123,2024-03-06,C1087,Smartwatch,Electronics,East,Patna,3,9262.0,0.2,22228.8,18570.87,3657.93,UPI,2024,3,2024-03,16.46,20%,0
ORD-100124,2024-03-06,C1132,Pen Set,Stationery,West,Pune,2,302.0,0.25,453.0,308.0,145.0,Debit Card,2024,3,2024-03,32.01,25%,0
ORD-100125,2024-03-06,C1264,Smartphone,Electronics,South,Bengaluru,1,30200.0,0.0,30200.0,22816.68,7383.32,UPI,2024,3,2024-03,24.45,0%,0
ORD-100126,2024-03-08,C1310,Headphones,Electronics,South,Bengaluru,3,3450.0,0.05,9832.5,6349.99,3482.51,Credit Card,2024,3,2024-03,35.42,5%,0
ORD-100127,2024-03-08,C1191,Headphones,Electronics,South,Bengaluru,2,3390.0,0.0,6780.0,4345.7,2434.3,UPI,2024,3,2024-03,35.9,0%,0
ORD-100128,2024-03-08,C1093,Smartphone,Electronics,West,Mumbai,3,26799.0,0.0,80397.0,68853.07,11543.93,Debit Card,2024,3,2024-03,14.36,0%,0
ORD-100129,2024-03-08,C1196,Headphones,Electronics,North,Lucknow,1,3589.0,0.05,3409.55,2114.25,1295.3,UPI,2024,3,2024-03,37.99,5%,0
ORD-100130,2024-03-08,C1447,Denim Jacket,Fashion,South,Chennai,1,3023.0,0.25,2267.25,1449.28,817.97,UPI,2024,3,2024-03,36.08,25%,0
ORD-100131,2024-03-09,C1106,Sofa Set,Furniture,West,Pune,2,30459.0,0.05,57872.1,54510.5,3361.6,UPI,2024,3,2024-03,5.81,5%,0
ORD-100132,2024-03-09,C1160,Cookware Set,Home & Kitchen,North,Delhi,1,4031.0,0.0,4031.0,2285.25,1745.75,UPI,2024,3,2024-03,43.31,0%,0
ORD-100133,2024-03-09,C1069,Backpack,Fashion,South,Hyderabad,1,1748.0,0.0,1748.0,882.31,865.69,Cash on Delivery,2024,3,2024-03,49.52,0%,0
ORD-100134,2024-03-09,C1251,Smartphone,Electronics,North,Delhi,2,28596.0,0.0,57192.0,45789.88,11402.12,UPI,2024,3,2024-03,19.94,0%,0
ORD-100135,2024-03-10,C1101,Cookware Set,Home & Kitchen,West,Mumbai,2,3706.0,0.2,5929.6,4641.11,1288.49,Cash on Delivery,2024,3,2024-03,21.73,20%,0
ORD-100136,2024-03-10,C1297,Mixer Grinder,Home & Kitchen,South,Bengaluru,1,4252.0,0.2,3401.6,2689.75,711.85,UPI,2024,3,2024-03,20.93,20%,0
ORD-100137,2024-03-10,C1242,Mixer Grinder,Home & Kitchen,North,Delhi,1,4058.0,0.0,4058.0,2743.94,1314.06,UPI,2024,3,2024-03,32.38,0%,0
ORD-100138,2024-03-11,C1196,Notebook Pack,Stationery,North,Lucknow,4,472.0,0.0,1888.0,1015.22,872.78,Credit Card,2024,3,2024-03,46.23,0%,0
ORD-100139,2024-03-11,C1108,Office Chair,Furniture,West,Mumbai,1,8368.0,0.1,7531.2,7332.61,198.59,Debit Card,2024,3,2024-03,2.64,10%,0
ORD-100140,2024-03-12,C1199,Sunglasses,Fashion,West,Pune,2,1586.0,0.15,2696.2,1333.24,1362.96,Cash on Delivery,2024,3,2024-03,50.55,15%,0
ORD-100141,2024-03-12,C1359,Running Shoes,Fashion,North,Lucknow,3,3442.0,0.0,10326.0,5307.29,5018.71,UPI,2024,3,2024-03,48.6,0%,0
ORD-100142,2024-03-13,C1125,Notebook Pack,Stationery,South,Hyderabad,8,468.0,0.2,2995.2,1942.1,1053.1,Credit Card,2024,3,2024-03,35.16,20%,0
ORD-100143,2024-03-13,C1185,Mixer Grinder,Home & Kitchen,South,Hyderabad,1,4085.0,0.05,3880.75,2712.06,1168.69,Credit Card,2024,3,2024-03,30.12,5%,0
ORD-100144,2024-03-13,C1200,Headphones,Electronics,East,Patna,1,3493.0,0.0,3493.0,2199.85,1293.15,UPI,2024,3,2024-03,37.02,0%,0
ORD-100145,2024-03-14,C1415,Backpack,Fashion,South,Hyderabad,1,1836.0,0.0,1836.0,882.62,953.38,UPI,2024,3,2024-03,51.93,0%,0
ORD-100146,2024-03-15,C1376,Notebook Pack,Stationery,East,Patna,7,438.0,0.0,3066.0,1714.12,1351.88,Credit Card,2024,3,2024-03,44.09,0%,0
ORD-100147,2024-03-15,C1308,Mixer Grinder,Home & Kitchen,North,Chandigarh,2,4484.0,0.1,8071.2,5395.26,2675.94,UPI,2024,3,2024-03,33.15,10%,0
ORD-100148,2024-03-16,C1044,Pen Set,Stationery,South,Chennai,3,313.0,0.15,798.15,461.21,336.94,Credit Card,2024,3,2024-03,42.22,15%,0
ORD-100149,2024-03-16,C1372,Sofa Set,Furniture,South,Bengaluru,2,33607.0,0.15,57131.9,54273.43,2858.47,Credit Card,2024,3,2024-03,5.0,15%,0
ORD-100150,2024-03-17,C1142,Pen Set,Stationery,North,Chandigarh,6,304.0,0.25,1368.0,916.1,451.9,Cash on Delivery,2024,3,2024-03,33.03,25%,0
ORD-100151,2024-03-18,C1449,Running Shoes,Fashion,West,Ahmedabad,1,3103.0,0.05,2947.85,1791.51,1156.34,Cash on Delivery,2024,3,2024-03,39.23,5%,0
ORD-100152,2024-03-18,C1280,Cookware Set,Home & Kitchen,West,Mumbai,2,3821.0,0.05,7259.9,4562.54,2697.36,UPI,2024,3,2024-03,37.15,5%,0
ORD-100153,2024-03-19,C1384,Backpack,Fashion,South,Hyderabad,1,1876.0,0.05,1782.2,901.56,880.64,UPI,2024,3,2024-03,49.41,5%,0
ORD-100154,2024-03-19,C1211,Running Shoes,Fashion,South,Chennai,4,3146.0,0.0,12584.0,7120.43,5463.57,Credit Card,2024,3,2024-03,43.42,0%,0
ORD-100155,2024-03-20,C1111,Denim Jacket,Fashion,South,Bengaluru,2,2856.0,0.05,5426.4,2926.13,2500.27,UPI,2024,3,2024-03,46.08,5%,0
ORD-100156,2024-03-21,C1035,Pen Set,Stationery,North,Lucknow,5,303.0,0.0,1515.0,751.07,763.93,UPI,2024,3,2024-03,50.42,0%,0
ORD-100157,2024-03-21,C1176,Pen Set,Stationery,North,Delhi,1,310.0,0.0,310.0,149.14,160.86,Credit Card,2024,3,2024-03,51.89,0%,0
ORD-100158,2024-03-21,C1433,Denim Jacket,Fashion,East,Bhubaneswar,1,2917.0,0.25,2187.75,1438.1,749.65,Debit Card,2024,3,2024-03,34.27,25%,0
ORD-100159,2024-03-22,C1272,Sunglasses,Fashion,West,Mumbai,4,1617.0,0.2,5174.4,2736.57,2437.83,UPI,2024,3,2024-03,47.11,20%,0
ORD-100160,2024-03-23,C1215,Air Fryer,Home & Kitchen,South,Hyderabad,2,6951.0,0.15,11816.7,8376.21,3440.49,UPI,2024,3,2024-03,29.12,15%,0
ORD-100161,2024-03-24,C1219,Smartphone,Electronics,South,Hyderabad,2,26894.0,0.1,48409.2,46845.43,1563.77,UPI,2024,3,2024-03,3.23,10%,0
ORD-100162,2024-03-25,C1051,Backpack,Fashion,South,Hyderabad,3,1917.0,0.0,5751.0,2635.58,3115.42,UPI,2024,3,2024-03,54.17,0%,0
ORD-100163,2024-03-26,C1047,Notebook Pack,Stationery,South,Hyderabad,1,463.0,0.15,393.55,242.9,150.65,UPI,2024,3,2024-03,38.28,15%,0
ORD-100164,2024-03-26,C1093,Denim Jacket,Fashion,West,Mumbai,3,2915.0,0.05,8307.75,4354.73,3953.02,UPI,2024,3,2024-03,47.58,5%,0
ORD-100165,2024-03-27,C1084,Sunglasses,Fashion,South,Bengaluru,2,1557.0,0.25,2335.5,1364.95,970.55,UPI,2024,3,2024-03,41.56,25%,0
ORD-100166,2024-03-28,C1151,Laptop,Electronics,West,Pune,1,53343.0,0.0,53343.0,44984.06,8358.94,Credit Card,2024,3,2024-03,15.67,0%,0
ORD-100167,2024-03-29,C1247,Smartwatch,Electronics,West,Ahmedabad,3,8849.0,0.0,26547.0,19163.45,7383.55,Debit Card,2024,3,2024-03,27.81,0%,0
ORD-100168,2024-03-29,C1078,Smartphone,Electronics,West,Ahmedabad,3,27999.0,0.2,67197.6,69032.91,-1835.31,Debit Card,2024,3,2024-03,-2.73,20%,1
ORD-100169,2024-03-29,C1372,Notebook Pack,Stationery,South,Bengaluru,5,455.0,0.1,2047.5,1219.93,827.57,Net Banking,2024,3,2024-03,40.42,10%,0
ORD-100170,2024-03-29,C1090,Laptop,Electronics,East,Bhubaneswar,2,57971.0,0.05,110144.9,86151.12,23993.78,UPI,2024,3,2024-03,21.78,5%,0
ORD-100171,2024-03-29,C1380,Backpack,Fashion,South,Chennai,4,1727.0,0.05,6562.6,3698.54,2864.06,UPI,2024,3,2024-03,43.64,5%,0
ORD-100172,2024-03-30,C1399,Desk Organizer,Stationery,East,Patna,1,641.0,0.15,544.85,381.2,163.65,Credit Card,2024,3,2024-03,30.04,15%,0
ORD-100173,2024-03-30,C1366,Denim Jacket,Fashion,West,Mumbai,1,2949.0,0.25,2211.75,1454.12,757.63,Net Banking,2024,3,2024-03,34.25,25%,0
ORD-100174,2024-03-30,C1096,Pen Set,Stationery,South,Hyderabad,8,287.0,0.05,2181.2,1225.69,955.51,UPI,2024,3,2024-03,43.81,5%,0
ORD-100175,2024-03-30,C1004,Air Fryer,Home & Kitchen,West,Mumbai,1,6475.0,0.0,6475.0,4392.09,2082.91,UPI,2024,3,2024-03,32.17,0%,0
ORD-100176,2024-03-31,C1098,Pen Set,Stationery,South,Bengaluru,7,324.0,0.1,2041.2,1023.81,1017.39,UPI,2024,3,2024-03,49.84,10%,0
ORD-100177,2024-03-31,C1263,Smartphone,Electronics,East,Bhubaneswar,2,29547.0,0.05,56139.3,46166.01,9973.29,Credit Card,2024,3,2024-03,17.77,5%,0
ORD-100178,2024-03-31,C1210,Air Fryer,Home & Kitchen,South,Chennai,2,6778.0,0.25,10167.0,8502.93,1664.07,UPI,2024,3,2024-03,16.37,25%,0
ORD-100179,2024-04-02,C1246,Headphones,Electronics,South,Hyderabad,3,3482.0,0.1,9401.4,6517.95,2883.45,Debit Card,2024,4,2024-04,30.67,10%,0
ORD-100180,2024-04-02,C1368,Office Chair,Furniture,North,Chandigarh,2,8078.0,0.1,14540.4,14652.5,-112.1,Debit Card,2024,4,2024-04,-0.77,10%,1
ORD-100181,2024-04-02,C1176,Pen Set,Stationery,North,Delhi,10,317.0,0.1,2853.0,1460.3,1392.7,UPI,2024,4,2024-04,48.82,10%,0
ORD-100182,2024-04-02,C1029,Sunglasses,Fashion,East,Kolkata,3,1570.0,0.15,4003.5,2076.07,1927.43,UPI,2024,4,2024-04,48.14,15%,0
ORD-100183,2024-04-02,C1033,Desk Organizer,Stationery,East,Bhubaneswar,1,658.0,0.0,658.0,366.1,291.9,UPI,2024,4,2024-04,44.36,0%,0
ORD-100184,2024-04-02,C1364,Backpack,Fashion,South,Bengaluru,4,1740.0,0.0,6960.0,3614.81,3345.19,UPI,2024,4,2024-04,48.06,0%,0
ORD-100185,2024-04-03,C1427,Cookware Set,Home & Kitchen,West,Ahmedabad,2,3988.0,0.05,7577.2,4650.92,2926.28,UPI,2024,4,2024-04,38.62,5%,0
ORD-100186,2024-04-03,C1294,Smartphone,Electronics,West,Pune,3,26789.0,0.2,64293.6,69671.65,-5378.05,Cash on Delivery,2024,4,2024-04,-8.36,20%,1
ORD-100187,2024-04-03,C1216,Bookshelf,Furniture,South,Bengaluru,2,5755.0,0.1,10359.0,8662.09,1696.91,Cash on Delivery,2024,4,2024-04,16.38,10%,0
ORD-100188,2024-04-03,C1051,Cookware Set,Home & Kitchen,South,Hyderabad,1,3845.0,0.1,3460.5,2231.66,1228.84,Credit Card,2024,4,2024-04,35.51,10%,0
ORD-100189,2024-04-03,C1052,Study Desk,Furniture,East,Kolkata,1,7624.0,0.1,6861.6,5881.09,980.51,Debit Card,2024,4,2024-04,14.29,10%,0
ORD-100190,2024-04-04,C1403,Smartwatch,Electronics,West,Mumbai,1,8581.0,0.1,7722.9,6232.0,1490.9,UPI,2024,4,2024-04,19.3,10%,0
ORD-100191,2024-04-05,C1379,Backpack,Fashion,North,Lucknow,3,1924.0,0.0,5772.0,2735.66,3036.34,Credit Card,2024,4,2024-04,52.6,0%,0
ORD-100192,2024-04-05,C1340,Smartwatch,Electronics,North,Chandigarh,1,9157.0,0.1,8241.3,6246.83,1994.47,Credit Card,2024,4,2024-04,24.2,10%,0
ORD-100193,2024-04-06,C1338,Smartwatch,Electronics,South,Hyderabad,3,8734.0,0.15,22271.7,19179.65,3092.05,UPI,2024,4,2024-04,13.88,15%,0
ORD-100194,2024-04-06,C1208,Study Desk,Furniture,South,Chennai,2,7706.0,0.2,12329.6,11910.44,419.16,Net Banking,2024,4,2024-04,3.4,20%,0
ORD-100195,2024-04-06,C1167,Smartwatch,Electronics,South,Bengaluru,3,8611.0,0.0,25833.0,18624.46,7208.54,Debit Card,2024,4,2024-04,27.9,0%,0
ORD-100196,2024-04-06,C1008,Backpack,Fashion,West,Pune,3,1711.0,0.05,4876.35,2668.4,2207.95,UPI,2024,4,2024-04,45.28,5%,0
ORD-100197,2024-04-06,C1102,Mixer Grinder,Home & Kitchen,North,Lucknow,1,4313.0,0.0,4313.0,2629.63,1683.37,UPI,2024,4,2024-04,39.03,0%,0
ORD-100198,2024-04-07,C1138,Laptop,Electronics,North,Delhi,2,58699.0,0.15,99788.3,87324.18,12464.12,Credit Card,2024,4,2024-04,12.49,15%,0
ORD-100199,2024-04-07,C1372,Sunglasses,Fashion,South,Bengaluru,2,1471.0,0.0,2942.0,1312.81,1629.19,UPI,2024,4,2024-04,55.38,0%,0
ORD-100200,2024-04-08,C1410,Pen Set,Stationery,South,Hyderabad,3,289.0,0.05,823.65,446.8,376.85,Credit Card,2024,4,2024-04,45.75,5%,0
ORD-100201,2024-04-08,C1011,Sunglasses,Fashion,North,Delhi,3,1589.0,0.1,4290.3,2044.49,2245.81,Credit Card,2024,4,2024-04,52.35,10%,0
ORD-100202,2024-04-08,C1067,Sofa Set,Furniture,West,Pune,2,32830.0,0.0,65660.0,56111.64,9548.36,Credit Card,2024,4,2024-04,14.54,0%,0
ORD-100203,2024-04-08,C1147,Denim Jacket,Fashion,South,Hyderabad,3,3013.0,0.0,9039.0,4280.34,4758.66,Debit Card,2024,4,2024-04,52.65,0%,0
ORD-100204,2024-04-09,C1105,Desk Organizer,Stationery,South,Bengaluru,2,694.0,0.0,1388.0,760.69,627.31,UPI,2024,4,2024-04,45.2,0%,0
ORD-100205,2024-04-09,C1293,Backpack,Fashion,West,Pune,4,1835.0,0.15,6239.0,3701.55,2537.45,Credit Card,2024,4,2024-04,40.67,15%,0
ORD-100206,2024-04-09,C1354,Mixer Grinder,Home & Kitchen,East,Kolkata,1,4122.0,0.2,3297.6,2652.55,645.05,Debit Card,2024,4,2024-04,19.56,20%,0
ORD-100207,2024-04-10,C1128,Headphones,Electronics,South,Hyderabad,3,3568.0,0.15,9098.4,6703.79,2394.61,UPI,2024,4,2024-04,26.32,15%,0
ORD-100208,2024-04-10,C1160,Study Desk,Furniture,North,Delhi,2,7592.0,0.05,14424.8,12256.46,2168.34,Debit Card,2024,4,2024-04,15.03,5%,0
ORD-100209,2024-04-11,C1202,Laptop,Electronics,South,Bengaluru,3,56669.0,0.0,170007.0,131187.99,38819.01,Credit Card,2024,4,2024-04,22.83,0%,0
ORD-100210,2024-04-12,C1338,Smartwatch,Electronics,South,Hyderabad,2,8926.0,0.1,16066.8,12611.89,3454.91,Net Banking,2024,4,2024-04,21.5,10%,0
ORD-100211,2024-04-12,C1049,Headphones,Electronics,West,Mumbai,2,3462.0,0.0,6924.0,4408.53,2515.47,UPI,2024,4,2024-04,36.33,0%,0
ORD-100212,2024-04-12,C1183,Headphones,Electronics,East,Bhubaneswar,2,3677.0,0.15,6250.9,4400.76,1850.14,Credit Card,2024,4,2024-04,29.6,15%,0
ORD-100213,2024-04-13,C1305,Cookware Set,Home & Kitchen,West,Pune,3,3726.0,0.15,9501.3,6764.95,2736.35,Debit Card,2024,4,2024-04,28.8,15%,0
ORD-100214,2024-04-14,C1224,Backpack,Fashion,East,Kolkata,3,1731.0,0.1,4673.7,2759.24,1914.46,UPI,2024,4,2024-04,40.96,10%,0
ORD-100215,2024-04-14,C1024,Running Shoes,Fashion,North,Chandigarh,2,3052.0,0.05,5798.8,3489.49,2309.31,UPI,2024,4,2024-04,39.82,5%,0
ORD-100216,2024-04-15,C1112,Desk Organizer,Stationery,West,Ahmedabad,10,679.0,0.0,6790.0,3672.84,3117.16,Debit Card,2024,4,2024-04,45.91,0%,0
ORD-100217,2024-04-15,C1303,Laptop,Electronics,North,Chandigarh,1,54040.0,0.15,45934.0,44591.64,1342.36,UPI,2024,4,2024-04,2.92,15%,0
ORD-100218,2024-04-15,C1447,Cookware Set,Home & Kitchen,South,Chennai,3,3730.0,0.0,11190.0,6968.67,4221.33,UPI,2024,4,2024-04,37.72,0%,0
ORD-100219,2024-04-16,C1338,Air Fryer,Home & Kitchen,South,Hyderabad,2,6206.0,0.1,11170.8,8478.81,2691.99,Net Banking,2024,4,2024-04,24.1,10%,0
ORD-100220,2024-04-16,C1163,Smartwatch,Electronics,South,Hyderabad,2,9543.0,0.0,19086.0,12842.96,6243.04,UPI,2024,4,2024-04,32.71,0%,0
ORD-100221,2024-04-17,C1037,Backpack,Fashion,East,Kolkata,3,1869.0,0.15,4765.95,2777.96,1987.99,Debit Card,2024,4,2024-04,41.71,15%,0
ORD-100222,2024-04-17,C1225,Notebook Pack,Stationery,North,Chandigarh,8,481.0,0.1,3463.2,2025.57,1437.63,UPI,2024,4,2024-04,41.51,10%,0
ORD-100223,2024-04-19,C1327,Backpack,Fashion,South,Chennai,2,1757.0,0.25,2635.5,1792.94,842.56,UPI,2024,4,2024-04,31.97,25%,0
ORD-100224,2024-04-19,C1176,Sofa Set,Furniture,North,Delhi,1,32992.0,0.2,26393.6,28323.46,-1929.86,Debit Card,2024,4,2024-04,-7.31,20%,1
ORD-100225,2024-04-19,C1145,Air Fryer,Home & Kitchen,North,Chandigarh,3,6899.0,0.0,20697.0,13235.45,7461.55,Net Banking,2024,4,2024-04,36.05,0%,0
ORD-100226,2024-04-22,C1302,Bookshelf,Furniture,East,Patna,1,5559.0,0.05,5281.05,4235.12,1045.93,UPI,2024,4,2024-04,19.81,5%,0
ORD-100227,2024-04-22,C1198,Sunglasses,Fashion,West,Ahmedabad,2,1525.0,0.2,2440.0,1361.23,1078.77,Cash on Delivery,2024,4,2024-04,44.21,20%,0
ORD-100228,2024-04-23,C1277,Headphones,Electronics,North,Delhi,1,3712.0,0.05,3526.4,2130.31,1396.09,UPI,2024,4,2024-04,39.59,5%,0
ORD-100229,2024-04-23,C1198,Study Desk,Furniture,West,Ahmedabad,2,7443.0,0.1,13397.4,11678.18,1719.22,UPI,2024,4,2024-04,12.83,10%,0
ORD-100230,2024-04-23,C1080,Air Fryer,Home & Kitchen,East,Bhubaneswar,1,6362.0,0.0,6362.0,4161.54,2200.46,Credit Card,2024,4,2024-04,34.59,0%,0
ORD-100231,2024-04-24,C1122,Smartphone,Electronics,South,Hyderabad,3,30221.0,0.0,90663.0,68094.78,22568.22,Credit Card,2024,4,2024-04,24.89,0%,0
ORD-100232,2024-04-25,C1360,Pen Set,Stationery,West,Mumbai,10,290.0,0.0,2900.0,1492.51,1407.49,Net Banking,2024,4,2024-04,48.53,0%,0
ORD-100233,2024-04-25,C1047,Pen Set,Stationery,South,Hyderabad,5,307.0,0.1,1381.5,768.74,612.76,Credit Card,2024,4,2024-04,44.35,10%,0
ORD-100234,2024-04-26,C1257,Smartphone,Electronics,South,Chennai,1,28087.0,0.15,23873.95,22740.06,1133.89,Net Banking,2024,4,2024-04,4.75,15%,0
ORD-100235,2024-04-26,C1071,Study Desk,Furniture,East,Patna,2,7424.0,0.0,14848.0,12115.28,2732.72,UPI,2024,4,2024-04,18.4,0%,0
ORD-100236,2024-04-26,C1059,Headphones,Electronics,South,Hyderabad,1,3360.0,0.2,2688.0,2227.82,460.18,UPI,2024,4,2024-04,17.12,20%,0
ORD-100237,2024-04-26,C1330,Notebook Pack,Stationery,West,Mumbai,4,486.0,0.0,1944.0,987.21,956.79,Net Banking,2024,4,2024-04,49.22,0%,0
ORD-100238,2024-04-26,C1210,Cookware Set,Home & Kitchen,South,Chennai,2,3731.0,0.15,6342.7,4657.0,1685.7,Credit Card,2024,4,2024-04,26.58,15%,0
ORD-100239,2024-04-27,C1177,Air Fryer,Home & Kitchen,West,Pune,1,6579.0,0.15,5592.15,4412.91,1179.24,Credit Card,2024,4,2024-04,21.09,15%,0
ORD-100240,2024-04-27,C1168,Running Shoes,Fashion,West,Pune,3,3096.0,0.0,9288.0,5148.99,4139.01,Credit Card,2024,4,2024-04,44.56,0%,0
ORD-100241,2024-04-29,C1156,Smartwatch,Electronics,East,Patna,2,9478.0,0.1,17060.4,12903.29,4157.11,Credit Card,2024,4,2024-04,24.37,10%,0
ORD-100242,2024-04-29,C1155,Smartwatch,Electronics,South,Bengaluru,1,9241.0,0.05,8778.95,6167.18,2611.77,Credit Card,2024,4,2024-04,29.75,5%,0
ORD-100243,2024-05-01,C1120,Sunglasses,Fashion,West,Ahmedabad,4,1544.0,0.05,5867.2,2749.29,3117.91,UPI,2024,5,2024-05,53.14,5%,0
ORD-100244,2024-05-01,C1181,Mixer Grinder,Home & Kitchen,North,Delhi,1,4163.0,0.2,3330.4,2662.72,667.68,UPI,2024,5,2024-05,20.05,20%,0
ORD-100245,2024-05-01,C1333,Pen Set,Stationery,South,Hyderabad,2,312.0,0.0,624.0,302.49,321.51,UPI,2024,5,2024-05,51.52,0%,0
ORD-100246,2024-05-01,C1349,Tablet,Electronics,North,Delhi,1,21718.0,0.0,21718.0,18179.88,3538.12,Credit Card,2024,5,2024-05,16.29,0%,0
ORD-100247,2024-05-01,C1390,Mixer Grinder,Home & Kitchen,West,Pune,3,4050.0,0.1,10935.0,7998.25,2936.75,Credit Card,2024,5,2024-05,26.86,10%,0
ORD-100248,2024-05-03,C1242,Pen Set,Stationery,North,Delhi,2,301.0,0.25,451.5,292.17,159.33,Cash on Delivery,2024,5,2024-05,35.29,25%,0
ORD-100249,2024-05-04,C1224,Backpack,Fashion,East,Kolkata,4,1926.0,0.05,7318.8,3550.86,3767.94,Debit Card,2024,5,2024-05,51.48,5%,0
ORD-100250,2024-05-04,C1097,Sunglasses,Fashion,South,Hyderabad,3,1563.0,0.1,4220.1,2012.53,2207.57,UPI,2024,5,2024-05,52.31,10%,0
ORD-100251,2024-05-04,C1004,Denim Jacket,Fashion,West,Mumbai,2,2687.0,0.0,5374.0,2872.8,2501.2,Debit Card,2024,5,2024-05,46.54,0%,0
ORD-100252,2024-05-04,C1450,Bookshelf,Furniture,East,Patna,1,5880.0,0.1,5292.0,4410.19,881.81,Net Banking,2024,5,2024-05,16.66,10%,0
ORD-100253,2024-05-05,C1335,Sofa Set,Furniture,West,Mumbai,1,30969.0,0.05,29420.55,26722.18,2698.37,UPI,2024,5,2024-05,9.17,5%,0
ORD-100254,2024-05-05,C1142,Desk Organizer,Stationery,North,Chandigarh,7,633.0,0.0,4431.0,2635.71,1795.29,Net Banking,2024,5,2024-05,40.52,0%,0
ORD-100255,2024-05-05,C1194,Notebook Pack,Stationery,West,Mumbai,5,440.0,0.05,2090.0,1260.87,829.13,Debit Card,2024,5,2024-05,39.67,5%,0
ORD-100256,2024-05-05,C1265,Running Shoes,Fashion,West,Pune,1,3221.0,0.1,2898.9,1761.85,1137.05,Debit Card,2024,5,2024-05,39.22,10%,0
ORD-100257,2024-05-07,C1423,Backpack,Fashion,South,Hyderabad,1,1810.0,0.0,1810.0,900.03,909.97,Credit Card,2024,5,2024-05,50.27,0%,0
ORD-100258,2024-05-07,C1319,Sunglasses,Fashion,East,Bhubaneswar,1,1479.0,0.1,1331.1,683.26,647.84,Credit Card,2024,5,2024-05,48.67,10%,0
ORD-100259,2024-05-07,C1081,Running Shoes,Fashion,East,Kolkata,4,3212.0,0.2,10278.4,7079.54,3198.86,UPI,2024,5,2024-05,31.12,20%,0
ORD-100260,2024-05-07,C1331,Air Fryer,Home & Kitchen,South,Bengaluru,3,6456.0,0.15,16462.8,12540.81,3921.99,UPI,2024,5,2024-05,23.82,15%,0
ORD-100261,2024-05-09,C1071,Headphones,Electronics,East,Patna,2,3725.0,0.0,7450.0,4321.53,3128.47,Credit Card,2024,5,2024-05,41.99,0%,0
ORD-100262,2024-05-10,C1062,Bookshelf,Furniture,South,Hyderabad,1,5694.0,0.0,5694.0,4360.89,1333.11,UPI,2024,5,2024-05,23.41,0%,0
ORD-100263,2024-05-11,C1361,Cookware Set,Home & Kitchen,West,Ahmedabad,3,3672.0,0.2,8812.8,6824.83,1987.97,Debit Card,2024,5,2024-05,22.56,20%,0
ORD-100264,2024-05-11,C1124,Laptop,Electronics,East,Patna,1,55864.0,0.2,44691.2,43396.6,1294.6,Debit Card,2024,5,2024-05,2.9,20%,0
ORD-100265,2024-05-11,C1050,Air Fryer,Home & Kitchen,North,Delhi,2,6423.0,0.05,12203.7,8649.67,3554.03,Credit Card,2024,5,2024-05,29.12,5%,0
ORD-100266,2024-05-11,C1311,Office Chair,Furniture,East,Kolkata,1,8721.0,0.05,8284.95,7163.31,1121.64,UPI,2024,5,2024-05,13.54,5%,0
ORD-100267,2024-05-12,C1173,Air Fryer,Home & Kitchen,North,Chandigarh,2,6482.0,0.1,11667.6,8632.85,3034.75,UPI,2024,5,2024-05,26.01,10%,0
ORD-100268,2024-05-12,C1380,Pen Set,Stationery,South,Chennai,2,289.0,0.1,520.2,298.09,222.11,Cash on Delivery,2024,5,2024-05,42.7,10%,0
ORD-100269,2024-05-13,C1125,Tablet,Electronics,South,Hyderabad,2,22164.0,0.1,39895.2,37357.16,2538.04,UPI,2024,5,2024-05,6.36,10%,0
ORD-100270,2024-05-14,C1400,Backpack,Fashion,East,Patna,2,1895.0,0.05,3600.5,1777.16,1823.34,UPI,2024,5,2024-05,50.64,5%,0
ORD-100271,2024-05-15,C1318,Pen Set,Stationery,South,Bengaluru,4,307.0,0.0,1228.0,606.57,621.43,UPI,2024,5,2024-05,50.61,0%,0
ORD-100272,2024-05-15,C1206,Headphones,Electronics,South,Chennai,3,3501.0,0.2,8402.4,6441.25,1961.15,Net Banking,2024,5,2024-05,23.34,20%,0
ORD-100273,2024-05-15,C1300,Notebook Pack,Stationery,East,Kolkata,2,481.0,0.05,913.9,484.93,428.97,UPI,2024,5,2024-05,46.94,5%,0
ORD-100274,2024-05-15,C1211,Pen Set,Stationery,South,Chennai,5,298.0,0.0,1490.0,749.32,740.68,Debit Card,2024,5,2024-05,49.71,0%,0
ORD-100275,2024-05-16,C1339,Study Desk,Furniture,West,Pune,2,7739.0,0.0,15478.0,12094.34,3383.66,UPI,2024,5,2024-05,21.86,0%,0
ORD-100276,2024-05-17,C1324,Running Shoes,Fashion,South,Bengaluru,4,3303.0,0.0,13212.0,7191.36,6020.64,UPI,2024,5,2024-05,45.57,0%,0
ORD-100277,2024-05-17,C1444,Sunglasses,Fashion,East,Bhubaneswar,3,1529.0,0.1,4128.3,2059.4,2068.9,Debit Card,2024,5,2024-05,50.12,10%,0
ORD-100278,2024-05-17,C1102,Air Fryer,Home & Kitchen,North,Lucknow,3,6802.0,0.0,20406.0,13241.15,7164.85,UPI,2024,5,2024-05,35.11,0%,0
ORD-100279,2024-05-18,C1385,Office Chair,Furniture,West,Mumbai,1,8343.0,0.1,7508.7,6993.81,514.89,UPI,2024,5,2024-05,6.86,10%,0
ORD-100280,2024-05-19,C1109,Backpack,Fashion,North,Delhi,2,1765.0,0.0,3530.0,1786.01,1743.99,UPI,2024,5,2024-05,49.4,0%,0
ORD-100281,2024-05-19,C1277,Laptop,Electronics,North,Delhi,3,56731.0,0.0,170193.0,134952.62,35240.38,Credit Card,2024,5,2024-05,20.71,0%,0
ORD-100282,2024-05-21,C1206,Denim Jacket,Fashion,South,Chennai,1,2736.0,0.15,2325.6,1492.17,833.43,Cash on Delivery,2024,5,2024-05,35.84,15%,0
ORD-100283,2024-05-21,C1139,Tablet,Electronics,East,Patna,1,21359.0,0.05,20291.05,18849.34,1441.71,UPI,2024,5,2024-05,7.11,5%,0
ORD-100284,2024-05-21,C1047,Pen Set,Stationery,South,Hyderabad,4,285.0,0.15,969.0,607.34,361.66,UPI,2024,5,2024-05,37.32,15%,0
ORD-100285,2024-05-22,C1101,Sunglasses,Fashion,West,Mumbai,4,1458.0,0.05,5540.4,2718.67,2821.73,UPI,2024,5,2024-05,50.93,5%,0
ORD-100286,2024-05-22,C1343,Air Fryer,Home & Kitchen,South,Chennai,2,6316.0,0.0,12632.0,8548.9,4083.1,Debit Card,2024,5,2024-05,32.32,0%,0
ORD-100287,2024-05-23,C1314,Mixer Grinder,Home & Kitchen,South,Chennai,1,4210.0,0.1,3789.0,2640.32,1148.68,Debit Card,2024,5,2024-05,30.32,10%,0
ORD-100288,2024-05-24,C1130,Smartwatch,Electronics,North,Lucknow,1,9143.0,0.05,8685.85,6338.12,2347.73,Credit Card,2024,5,2024-05,27.03,5%,0
ORD-100289,2024-05-24,C1378,Pen Set,Stationery,West,Ahmedabad,5,319.0,0.1,1435.5,754.91,680.59,Credit Card,2024,5,2024-05,47.41,10%,0
ORD-100290,2024-05-24,C1264,Sofa Set,Furniture,South,Bengaluru,2,30506.0,0.0,61012.0,56201.26,4810.74,UPI,2024,5,2024-05,7.88,0%,0
ORD-100291,2024-05-24,C1274,Backpack,Fashion,East,Patna,2,1756.0,0.0,3512.0,1841.53,1670.47,Debit Card,2024,5,2024-05,47.56,0%,0
ORD-100292,2024-05-25,C1068,Office Chair,Furniture,East,Patna,2,8424.0,0.05,16005.6,14062.19,1943.41,Cash on Delivery,2024,5,2024-05,12.14,5%,0
ORD-100293,2024-05-25,C1373,Tablet,Electronics,East,Patna,2,21355.0,0.0,42710.0,37224.27,5485.73,Credit Card,2024,5,2024-05,12.84,0%,0
ORD-100294,2024-05-25,C1367,Headphones,Electronics,South,Chennai,3,3450.0,0.1,9315.0,6529.39,2785.61,Credit Card,2024,5,2024-05,29.9,10%,0
ORD-100295,2024-05-25,C1077,Smartphone,Electronics,North,Chandigarh,3,27187.0,0.0,81561.0,70623.72,10937.28,Credit Card,2024,5,2024-05,13.41,0%,0
ORD-100296,2024-05-26,C1160,Mixer Grinder,Home & Kitchen,North,Delhi,1,4141.0,0.05,3933.95,2654.83,1279.12,UPI,2024,5,2024-05,32.51,5%,0
ORD-100297,2024-05-26,C1225,Denim Jacket,Fashion,North,Chandigarh,3,3018.0,0.05,8601.3,4276.14,4325.16,UPI,2024,5,2024-05,50.28,5%,0
ORD-100298,2024-05-27,C1079,Cookware Set,Home & Kitchen,East,Bhubaneswar,1,3897.0,0.05,3702.15,2218.66,1483.49,Cash on Delivery,2024,5,2024-05,40.07,5%,0
ORD-100299,2024-05-27,C1351,Denim Jacket,Fashion,South,Chennai,3,2812.0,0.0,8436.0,4345.0,4091.0,Debit Card,2024,5,2024-05,48.49,0%,0
ORD-100300,2024-05-27,C1164,Running Shoes,Fashion,West,Pune,4,3454.0,0.1,12434.4,7119.99,5314.41,Debit Card,2024,5,2024-05,42.74,10%,0
ORD-100301,2024-05-27,C1387,Notebook Pack,Stationery,South,Chennai,9,460.0,0.0,4140.0,2242.79,1897.21,Net Banking,2024,5,2024-05,45.83,0%,0
ORD-100302,2024-05-28,C1075,Denim Jacket,Fashion,North,Lucknow,2,2765.0,0.05,5253.5,2970.82,2282.68,UPI,2024,5,2024-05,43.45,5%,0
ORD-100303,2024-05-28,C1337,Mixer Grinder,Home & Kitchen,South,Bengaluru,1,4501.0,0.2,3600.8,2704.36,896.44,Debit Card,2024,5,2024-05,24.9,20%,0
ORD-100304,2024-05-28,C1225,Smartphone,Electronics,North,Chandigarh,1,28866.0,0.0,28866.0,22865.84,6000.16,Credit Card,2024,5,2024-05,20.79,0%,0
ORD-100305,2024-05-28,C1020,Sunglasses,Fashion,East,Kolkata,1,1511.0,0.2,1208.8,694.3,514.5,UPI,2024,5,2024-05,42.56,20%,0
ORD-100306,2024-05-28,C1099,Smartwatch,Electronics,South,Hyderabad,1,9109.0,0.2,7287.2,6300.01,987.19,UPI,2024,5,2024-05,13.55,20%,0
ORD-100307,2024-05-29,C1102,Smartphone,Electronics,North,Lucknow,3,29668.0,0.1,80103.6,68131.84,11971.76,Cash on Delivery,2024,5,2024-05,14.95,10%,0
ORD-100308,2024-05-29,C1375,Sofa Set,Furniture,South,Hyderabad,2,34127.0,0.05,64841.3,56342.1,8499.2,UPI,2024,5,2024-05,13.11,5%,0
ORD-100309,2024-05-30,C1041,Air Fryer,Home & Kitchen,East,Bhubaneswar,2,6575.0,0.0,13150.0,8324.52,4825.48,UPI,2024,5,2024-05,36.7,0%,0
ORD-100310,2024-05-30,C1202,Sunglasses,Fashion,South,Bengaluru,1,1484.0,0.25,1113.0,692.8,420.2,UPI,2024,5,2024-05,37.75,25%,0
ORD-100311,2024-05-31,C1290,Denim Jacket,Fashion,North,Lucknow,3,2927.0,0.15,7463.85,4269.5,3194.35,UPI,2024,5,2024-05,42.8,15%,0
ORD-100312,2024-05-31,C1279,Cookware Set,Home & Kitchen,West,Ahmedabad,2,4024.0,0.0,8048.0,4470.91,3577.09,UPI,2024,5,2024-05,44.45,0%,0
ORD-100313,2024-06-02,C1003,Smartwatch,Electronics,East,Kolkata,3,9140.0,0.1,24678.0,18769.49,5908.51,UPI,2024,6,2024-06,23.94,10%,0
ORD-100314,2024-06-03,C1026,Air Fryer,Home & Kitchen,North,Chandigarh,2,6907.0,0.0,13814.0,8595.69,5218.31,Cash on Delivery,2024,6,2024-06,37.78,0%,0
ORD-100315,2024-06-03,C1271,Sunglasses,Fashion,West,Ahmedabad,3,1558.0,0.1,4206.6,2071.21,2135.39,Cash on Delivery,2024,6,2024-06,50.76,10%,0
ORD-100316,2024-06-03,C1155,Denim Jacket,Fashion,South,Bengaluru,1,2934.0,0.1,2640.6,1434.8,1205.8,UPI,2024,6,2024-06,45.66,10%,0
ORD-100317,2024-06-04,C1203,Smartwatch,Electronics,South,Hyderabad,2,8749.0,0.0,17498.0,12924.99,4573.01,UPI,2024,6,2024-06,26.13,0%,0
ORD-100318,2024-06-04,C1200,Smartphone,Electronics,East,Patna,1,27492.0,0.25,20619.0,23526.17,-2907.17,Credit Card,2024,6,2024-06,-14.1,25%,1
ORD-100319,2024-06-04,C1169,Denim Jacket,Fashion,South,Chennai,2,2674.0,0.0,5348.0,2842.53,2505.47,Credit Card,2024,6,2024-06,46.85,0%,0
ORD-100320,2024-06-04,C1047,Headphones,Electronics,South,Hyderabad,1,3544.0,0.05,3366.8,2122.82,1243.98,UPI,2024,6,2024-06,36.95,5%,0
ORD-100321,2024-06-05,C1105,Smartwatch,Electronics,South,Bengaluru,1,9486.0,0.05,9011.7,6264.1,2747.6,Debit Card,2024,6,2024-06,30.49,5%,0
ORD-100322,2024-06-05,C1084,Mixer Grinder,Home & Kitchen,South,Bengaluru,3,4049.0,0.05,11539.65,8095.37,3444.28,UPI,2024,6,2024-06,29.85,5%,0
ORD-100323,2024-06-06,C1137,Bookshelf,Furniture,North,Delhi,2,5412.0,0.1,9741.6,8584.83,1156.77,UPI,2024,6,2024-06,11.87,10%,0
ORD-100324,2024-06-06,C1369,Headphones,Electronics,North,Delhi,2,3543.0,0.0,7086.0,4277.01,2808.99,Net Banking,2024,6,2024-06,39.64,0%,0
ORD-100325,2024-06-08,C1393,Notebook Pack,Stationery,North,Delhi,4,463.0,0.05,1759.4,971.82,787.58,Debit Card,2024,6,2024-06,44.76,5%,0
ORD-100326,2024-06-08,C1070,Sunglasses,Fashion,West,Ahmedabad,2,1598.0,0.05,3036.2,1313.53,1722.67,UPI,2024,6,2024-06,56.74,5%,0
ORD-100327,2024-06-08,C1412,Pen Set,Stationery,South,Hyderabad,5,304.0,0.2,1216.0,764.64,451.36,Net Banking,2024,6,2024-06,37.12,20%,0
ORD-100328,2024-06-09,C1338,Running Shoes,Fashion,South,Hyderabad,4,3280.0,0.1,11808.0,6903.9,4904.1,Debit Card,2024,6,2024-06,41.53,10%,0
ORD-100329,2024-06-10,C1136,Desk Organizer,Stationery,North,Chandigarh,2,701.0,0.0,1402.0,736.46,665.54,Debit Card,2024,6,2024-06,47.47,0%,0
ORD-100330,2024-06-10,C1137,Sunglasses,Fashion,North,Delhi,2,1544.0,0.05,2933.6,1345.82,1587.78,Net Banking,2024,6,2024-06,54.12,5%,0
ORD-100331,2024-06-10,C1341,Air Fryer,Home & Kitchen,North,Lucknow,1,6668.0,0.0,6668.0,4228.81,2439.19,UPI,2024,6,2024-06,36.58,0%,0
ORD-100332,2024-06-11,C1273,Sunglasses,Fashion,North,Chandigarh,4,1567.0,0.05,5954.6,2620.99,3333.61,Debit Card,2024,6,2024-06,55.98,5%,0
ORD-100333,2024-06-11,C1132,Desk Organizer,Stationery,West,Pune,10,633.0,0.05,6013.5,3713.66,2299.84,UPI,2024,6,2024-06,38.24,5%,0
ORD-100334,2024-06-12,C1155,Mixer Grinder,Home & Kitchen,South,Bengaluru,1,4206.0,0.0,4206.0,2755.41,1450.59,Credit Card,2024,6,2024-06,34.49,0%,0
ORD-100335,2024-06-12,C1040,Sofa Set,Furniture,North,Delhi,2,33038.0,0.0,66076.0,53868.55,12207.45,UPI,2024,6,2024-06,18.47,0%,0
ORD-100336,2024-06-12,C1414,Mixer Grinder,Home & Kitchen,West,Mumbai,3,4229.0,0.05,12052.65,8192.62,3860.03,Debit Card,2024,6,2024-06,32.03,5%,0
ORD-100337,2024-06-12,C1073,Office Chair,Furniture,North,Chandigarh,1,8470.0,0.1,7623.0,7211.05,411.95,Net Banking,2024,6,2024-06,5.4,10%,0
ORD-100338,2024-06-12,C1152,Study Desk,Furniture,South,Bengaluru,2,7166.0,0.2,11465.6,12059.35,-593.75,UPI,2024,6,2024-06,-5.18,20%,1
ORD-100339,2024-06-13,C1324,Smartphone,Electronics,South,Bengaluru,1,29325.0,0.0,29325.0,23529.25,5795.75,Debit Card,2024,6,2024-06,19.76,0%,0
ORD-100340,2024-06-13,C1291,Air Fryer,Home & Kitchen,North,Delhi,2,6939.0,0.2,11102.4,8629.23,2473.17,Credit Card,2024,6,2024-06,22.28,20%,0
ORD-100341,2024-06-13,C1368,Running Shoes,Fashion,North,Chandigarh,1,3308.0,0.0,3308.0,1802.26,1505.74,Cash on Delivery,2024,6,2024-06,45.52,0%,0
ORD-100342,2024-06-14,C1189,Desk Organizer,Stationery,North,Delhi,1,684.0,0.15,581.4,372.83,208.57,UPI,2024,6,2024-06,35.87,15%,0
ORD-100343,2024-06-15,C1015,Desk Organizer,Stationery,South,Bengaluru,1,668.0,0.1,601.2,371.47,229.73,Debit Card,2024,6,2024-06,38.21,10%,0
ORD-100344,2024-06-15,C1372,Tablet,Electronics,South,Bengaluru,2,21527.0,0.1,38748.6,38035.98,712.62,UPI,2024,6,2024-06,1.84,10%,0
ORD-100345,2024-06-17,C1349,Office Chair,Furniture,North,Delhi,1,8170.0,0.05,7761.5,7324.29,437.21,Credit Card,2024,6,2024-06,5.63,5%,0
ORD-100346,2024-06-17,C1441,Running Shoes,Fashion,South,Chennai,1,3233.0,0.05,3071.35,1750.67,1320.68,UPI,2024,6,2024-06,43.0,5%,0
ORD-100347,2024-06-17,C1308,Sofa Set,Furniture,North,Chandigarh,2,30570.0,0.0,61140.0,54657.61,6482.39,UPI,2024,6,2024-06,10.6,0%,0
ORD-100348,2024-06-18,C1326,Sunglasses,Fashion,South,Bengaluru,3,1494.0,0.0,4482.0,1991.77,2490.23,Net Banking,2024,6,2024-06,55.56,0%,0
ORD-100349,2024-06-18,C1347,Study Desk,Furniture,West,Ahmedabad,2,7448.0,0.15,12661.6,11977.35,684.25,UPI,2024,6,2024-06,5.4,15%,0
ORD-100350,2024-06-18,C1067,Desk Organizer,Stationery,West,Pune,2,647.0,0.05,1229.3,753.52,475.78,Debit Card,2024,6,2024-06,38.7,5%,0
ORD-100351,2024-06-19,C1420,Laptop,Electronics,West,Pune,3,56869.0,0.15,145015.95,135388.48,9627.47,Credit Card,2024,6,2024-06,6.64,15%,0
ORD-100352,2024-06-19,C1196,Running Shoes,Fashion,North,Lucknow,4,3314.0,0.05,12593.2,7137.86,5455.34,UPI,2024,6,2024-06,43.32,5%,0
ORD-100353,2024-06-19,C1094,Notebook Pack,Stationery,South,Bengaluru,8,483.0,0.0,3864.0,2017.05,1846.95,Net Banking,2024,6,2024-06,47.8,0%,0
ORD-100354,2024-06-19,C1432,Cookware Set,Home & Kitchen,South,Bengaluru,1,3744.0,0.15,3182.4,2259.76,922.64,Credit Card,2024,6,2024-06,28.99,15%,0
ORD-100355,2024-06-19,C1003,Denim Jacket,Fashion,East,Kolkata,3,2869.0,0.0,8607.0,4481.13,4125.87,Credit Card,2024,6,2024-06,47.94,0%,0
ORD-100356,2024-06-20,C1289,Smartwatch,Electronics,East,Patna,3,8775.0,0.0,26325.0,19110.15,7214.85,UPI,2024,6,2024-06,27.41,0%,0
ORD-100357,2024-06-21,C1331,Headphones,Electronics,South,Bengaluru,1,3350.0,0.15,2847.5,2123.31,724.19,Credit Card,2024,6,2024-06,25.43,15%,0
ORD-100358,2024-06-23,C1282,Headphones,Electronics,North,Delhi,3,3354.0,0.2,8049.6,6395.84,1653.76,Debit Card,2024,6,2024-06,20.54,20%,0
ORD-100359,2024-06-23,C1096,Headphones,Electronics,South,Hyderabad,2,3530.0,0.25,5295.0,4216.55,1078.45,UPI,2024,6,2024-06,20.37,25%,0
ORD-100360,2024-06-24,C1164,Running Shoes,Fashion,West,Pune,3,3408.0,0.2,8179.2,5400.55,2778.65,UPI,2024,6,2024-06,33.97,20%,0
ORD-100361,2024-06-24,C1333,Denim Jacket,Fashion,South,Hyderabad,4,2774.0,0.0,11096.0,5762.3,5333.7,Net Banking,2024,6,2024-06,48.07,0%,0
ORD-100362,2024-06-24,C1434,Office Chair,Furniture,South,Bengaluru,2,8413.0,0.0,16826.0,14070.0,2756.0,UPI,2024,6,2024-06,16.38,0%,0
ORD-100363,2024-06-25,C1049,Backpack,Fashion,West,Mumbai,2,1856.0,0.05,3526.4,1764.2,1762.2,Credit Card,2024,6,2024-06,49.97,5%,0
ORD-100364,2024-06-26,C1264,Notebook Pack,Stationery,South,Bengaluru,9,433.0,0.1,3507.3,2223.23,1284.07,UPI,2024,6,2024-06,36.61,10%,0
ORD-100365,2024-06-26,C1442,Headphones,Electronics,North,Lucknow,2,3405.0,0.0,6810.0,4358.28,2451.72,Credit Card,2024,6,2024-06,36.0,0%,0
ORD-100366,2024-06-27,C1190,Office Chair,Furniture,South,Bengaluru,1,8819.0,0.0,8819.0,7317.89,1501.11,UPI,2024,6,2024-06,17.02,0%,0
ORD-100367,2024-06-28,C1429,Smartwatch,Electronics,North,Lucknow,3,9498.0,0.15,24219.9,18921.34,5298.56,UPI,2024,6,2024-06,21.88,15%,0
ORD-100368,2024-06-28,C1336,Notebook Pack,Stationery,South,Hyderabad,4,445.0,0.1,1602.0,982.24,619.76,UPI,2024,6,2024-06,38.69,10%,0
ORD-100369,2024-06-29,C1244,Desk Organizer,Stationery,South,Chennai,5,668.0,0.1,3006.0,1861.25,1144.75,Cash on Delivery,2024,6,2024-06,38.08,10%,0
ORD-100370,2024-06-29,C1301,Mixer Grinder,Home & Kitchen,North,Delhi,2,4238.0,0.0,8476.0,5235.48,3240.52,UPI,2024,6,2024-06,38.23,0%,0
ORD-100371,2024-06-29,C1297,Smartwatch,Electronics,South,Bengaluru,3,9578.0,0.05,27297.3,19093.19,8204.11,UPI,2024,6,2024-06,30.05,5%,0
ORD-100372,2024-06-30,C1163,Pen Set,Stationery,South,Hyderabad,4,289.0,0.0,1156.0,615.58,540.42,UPI,2024,6,2024-06,46.75,0%,0
ORD-100373,2024-06-30,C1071,Air Fryer,Home & Kitchen,East,Patna,2,6339.0,0.0,12678.0,8332.25,4345.75,Credit Card,2024,6,2024-06,34.28,0%,0
ORD-100374,2024-06-30,C1147,Pen Set,Stationery,South,Hyderabad,9,290.0,0.25,1957.5,1364.32,593.18,Net Banking,2024,6,2024-06,30.3,25%,0
ORD-100375,2024-07-01,C1312,Notebook Pack,Stationery,West,Pune,6,450.0,0.1,2430.0,1504.31,925.69,Cash on Delivery,2024,7,2024-07,38.09,10%,0
ORD-100376,2024-07-01,C1132,Sunglasses,Fashion,West,Pune,2,1520.0,0.1,2736.0,1344.07,1391.93,Debit Card,2024,7,2024-07,50.87,10%,0
ORD-100377,2024-07-01,C1005,Sunglasses,Fashion,West,Ahmedabad,1,1536.0,0.2,1228.8,671.51,557.29,Credit Card,2024,7,2024-07,45.35,20%,0
ORD-100378,2024-07-01,C1235,Backpack,Fashion,North,Delhi,3,1726.0,0.2,4142.4,2766.49,1375.91,Credit Card,2024,7,2024-07,33.22,20%,0
ORD-100379,2024-07-02,C1028,Sunglasses,Fashion,West,Pune,3,1542.0,0.1,4163.4,1969.98,2193.42,Debit Card,2024,7,2024-07,52.68,10%,0
ORD-100380,2024-07-02,C1292,Study Desk,Furniture,South,Bengaluru,1,7736.0,0.0,7736.0,5978.56,1757.44,Net Banking,2024,7,2024-07,22.72,0%,0
ORD-100381,2024-07-02,C1034,Mixer Grinder,Home & Kitchen,North,Delhi,1,4232.0,0.1,3808.8,2706.48,1102.32,UPI,2024,7,2024-07,28.94,10%,0
ORD-100382,2024-07-03,C1329,Mixer Grinder,Home & Kitchen,East,Bhubaneswar,1,4410.0,0.0,4410.0,2656.33,1753.67,Credit Card,2024,7,2024-07,39.77,0%,0
ORD-100383,2024-07-04,C1186,Smartwatch,Electronics,West,Pune,3,8633.0,0.1,23309.1,18630.76,4678.34,Debit Card,2024,7,2024-07,20.07,10%,0
ORD-100384,2024-07-04,C1250,Smartphone,Electronics,North,Delhi,1,28025.0,0.15,23821.25,23351.17,470.08,UPI,2024,7,2024-07,1.97,15%,0
ORD-100385,2024-07-05,C1102,Mixer Grinder,Home & Kitchen,North,Lucknow,3,4307.0,0.05,12274.95,7910.49,4364.46,Cash on Delivery,2024,7,2024-07,35.56,5%,0
ORD-100386,2024-07-05,C1263,Denim Jacket,Fashion,East,Bhubaneswar,1,2791.0,0.0,2791.0,1430.05,1360.95,Cash on Delivery,2024,7,2024-07,48.76,0%,0
ORD-100387,2024-07-05,C1059,Notebook Pack,Stationery,South,Hyderabad,8,471.0,0.0,3768.0,1983.37,1784.63,UPI,2024,7,2024-07,47.36,0%,0
ORD-100388,2024-07-05,C1311,Tablet,Electronics,East,Kolkata,2,21635.0,0.2,34616.0,37752.69,-3136.69,Net Banking,2024,7,2024-07,-9.06,20%,1
ORD-100389,2024-07-07,C1390,Mixer Grinder,Home & Kitchen,West,Pune,2,4187.0,0.05,7955.3,5506.25,2449.05,UPI,2024,7,2024-07,30.79,5%,0
ORD-100390,2024-07-07,C1337,Sunglasses,Fashion,South,Bengaluru,3,1497.0,0.2,3592.8,2009.57,1583.23,UPI,2024,7,2024-07,44.07,20%,0
ORD-100391,2024-07-07,C1186,Sunglasses,Fashion,West,Pune,4,1428.0,0.0,5712.0,2743.63,2968.37,Cash on Delivery,2024,7,2024-07,51.97,0%,0
ORD-100392,2024-07-07,C1047,Sunglasses,Fashion,South,Hyderabad,1,1529.0,0.15,1299.65,685.1,614.55,UPI,2024,7,2024-07,47.29,15%,0
ORD-100393,2024-07-07,C1405,Headphones,Electronics,West,Mumbai,2,3714.0,0.15,6313.8,4235.11,2078.69,UPI,2024,7,2024-07,32.92,15%,0
ORD-100394,2024-07-07,C1238,Notebook Pack,Stationery,West,Pune,1,452.0,0.2,361.6,252.54,109.06,UPI,2024,7,2024-07,30.16,20%,0
ORD-100395,2024-07-09,C1345,Mixer Grinder,Home & Kitchen,South,Bengaluru,1,4291.0,0.1,3861.9,2624.16,1237.74,UPI,2024,7,2024-07,32.05,10%,0
ORD-100396,2024-07-09,C1450,Notebook Pack,Stationery,East,Patna,10,433.0,0.0,4330.0,2514.11,1815.89,UPI,2024,7,2024-07,41.94,0%,0
ORD-100397,2024-07-09,C1400,Smartphone,Electronics,East,Patna,3,29514.0,0.1,79687.8,68146.58,11541.22,Cash on Delivery,2024,7,2024-07,14.48,10%,0
ORD-100398,2024-07-10,C1123,Bookshelf,Furniture,South,Bengaluru,2,5859.0,0.1,10546.2,8783.69,1762.51,UPI,2024,7,2024-07,16.71,10%,0
ORD-100399,2024-07-10,C1273,Desk Organizer,Stationery,North,Chandigarh,1,674.0,0.05,640.3,381.97,258.33,Debit Card,2024,7,2024-07,40.35,5%,0
ORD-100400,2024-07-10,C1403,Notebook Pack,Stationery,West,Mumbai,10,467.0,0.0,4670.0,2427.95,2242.05,Cash on Delivery,2024,7,2024-07,48.01,0%,0
ORD-100401,2024-07-10,C1435,Desk Organizer,Stationery,West,Pune,8,621.0,0.15,4222.8,3061.76,1161.04,UPI,2024,7,2024-07,27.49,15%,0
ORD-100402,2024-07-12,C1064,Mixer Grinder,Home & Kitchen,East,Kolkata,2,4259.0,0.0,8518.0,5231.87,3286.13,UPI,2024,7,2024-07,38.58,0%,0
ORD-100403,2024-07-12,C1333,Pen Set,Stationery,South,Hyderabad,9,321.0,0.05,2744.55,1338.53,1406.02,Credit Card,2024,7,2024-07,51.23,5%,0
ORD-100404,2024-07-12,C1333,Running Shoes,Fashion,South,Hyderabad,2,3373.0,0.2,5396.8,3465.68,1931.12,Credit Card,2024,7,2024-07,35.78,20%,0
ORD-100405,2024-07-13,C1019,Tablet,Electronics,North,Chandigarh,3,22924.0,0.15,58456.2,54711.94,3744.26,Cash on Delivery,2024,7,2024-07,6.41,15%,0
ORD-100406,2024-07-13,C1206,Desk Organizer,Stationery,South,Chennai,6,691.0,0.0,4146.0,2294.24,1851.76,Net Banking,2024,7,2024-07,44.66,0%,0
ORD-100407,2024-07-13,C1364,Notebook Pack,Stationery,South,Bengaluru,8,455.0,0.1,3276.0,1936.34,1339.66,UPI,2024,7,2024-07,40.89,10%,0
ORD-100408,2024-07-14,C1279,Notebook Pack,Stationery,West,Ahmedabad,9,458.0,0.2,3297.6,2248.83,1048.77,Credit Card,2024,7,2024-07,31.8,20%,0
ORD-100409,2024-07-14,C1270,Denim Jacket,Fashion,West,Mumbai,3,2937.0,0.05,8370.45,4427.47,3942.98,Debit Card,2024,7,2024-07,47.11,5%,0
ORD-100410,2024-07-14,C1031,Notebook Pack,Stationery,West,Ahmedabad,6,472.0,0.05,2690.4,1447.11,1243.29,Debit Card,2024,7,2024-07,46.21,5%,0
ORD-100411,2024-07-15,C1231,Cookware Set,Home & Kitchen,West,Ahmedabad,1,4002.0,0.0,4002.0,2259.58,1742.42,Credit Card,2024,7,2024-07,43.54,0%,0
ORD-100412,2024-07-15,C1380,Air Fryer,Home & Kitchen,South,Chennai,1,6784.0,0.0,6784.0,4255.56,2528.44,UPI,2024,7,2024-07,37.27,0%,0
ORD-100413,2024-07-16,C1110,Air Fryer,Home & Kitchen,South,Bengaluru,2,6619.0,0.1,11914.2,8476.2,3438.0,UPI,2024,7,2024-07,28.86,10%,0
ORD-100414,2024-07-17,C1244,Mixer Grinder,Home & Kitchen,South,Chennai,3,4043.0,0.2,9703.2,8070.1,1633.1,Credit Card,2024,7,2024-07,16.83,20%,0
ORD-100415,2024-07-17,C1170,Smartwatch,Electronics,North,Delhi,2,8939.0,0.1,16090.2,12571.48,3518.72,Cash on Delivery,2024,7,2024-07,21.87,10%,0
ORD-100416,2024-07-17,C1099,Desk Organizer,Stationery,South,Hyderabad,3,626.0,0.15,1596.3,1164.58,431.72,Net Banking,2024,7,2024-07,27.05,15%,0
ORD-100417,2024-07-18,C1112,Laptop,Electronics,West,Ahmedabad,2,52560.0,0.1,94608.0,88072.43,6535.57,Credit Card,2024,7,2024-07,6.91,10%,0
ORD-100418,2024-07-18,C1268,Office Chair,Furniture,West,Mumbai,2,8109.0,0.1,14596.2,14480.86,115.34,Debit Card,2024,7,2024-07,0.79,10%,0
ORD-100419,2024-07-19,C1371,Sofa Set,Furniture,North,Delhi,1,33377.0,0.0,33377.0,27746.39,5630.61,UPI,2024,7,2024-07,16.87,0%,0
ORD-100420,2024-07-19,C1070,Headphones,Electronics,West,Ahmedabad,1,3400.0,0.05,3230.0,2183.98,1046.02,UPI,2024,7,2024-07,32.38,5%,0
ORD-100421,2024-07-20,C1125,Cookware Set,Home & Kitchen,South,Hyderabad,1,3764.0,0.15,3199.4,2342.9,856.5,Credit Card,2024,7,2024-07,26.77,15%,0
ORD-100422,2024-07-20,C1117,Smartphone,Electronics,North,Chandigarh,1,27175.0,0.15,23098.75,22388.09,710.66,Cash on Delivery,2024,7,2024-07,3.08,15%,0
ORD-100423,2024-07-20,C1229,Sunglasses,Fashion,West,Pune,3,1590.0,0.15,4054.5,1978.42,2076.08,Net Banking,2024,7,2024-07,51.2,15%,0
ORD-100424,2024-07-21,C1030,Backpack,Fashion,West,Mumbai,1,1905.0,0.0,1905.0,880.47,1024.53,Debit Card,2024,7,2024-07,53.78,0%,0
ORD-100425,2024-07-21,C1396,Denim Jacket,Fashion,East,Kolkata,1,2891.0,0.0,2891.0,1424.0,1467.0,Cash on Delivery,2024,7,2024-07,50.74,0%,0
ORD-100426,2024-07-22,C1234,Headphones,Electronics,East,Kolkata,2,3449.0,0.0,6898.0,4364.63,2533.37,Debit Card,2024,7,2024-07,36.73,0%,0
ORD-100427,2024-07-23,C1390,Notebook Pack,Stationery,West,Pune,6,445.0,0.0,2670.0,1507.0,1163.0,UPI,2024,7,2024-07,43.56,0%,0
ORD-100428,2024-07-23,C1077,Sunglasses,Fashion,North,Chandigarh,2,1585.0,0.15,2694.5,1380.57,1313.93,UPI,2024,7,2024-07,48.76,15%,0
ORD-100429,2024-07-23,C1110,Desk Organizer,Stationery,South,Bengaluru,6,644.0,0.0,3864.0,2269.15,1594.85,UPI,2024,7,2024-07,41.27,0%,0
ORD-100430,2024-07-24,C1294,Running Shoes,Fashion,West,Pune,1,3388.0,0.1,3049.2,1769.96,1279.24,UPI,2024,7,2024-07,41.95,10%,0
ORD-100431,2024-07-25,C1019,Notebook Pack,Stationery,North,Chandigarh,2,443.0,0.1,797.4,491.09,306.31,Debit Card,2024,7,2024-07,38.41,10%,0
ORD-100432,2024-07-25,C1202,Running Shoes,Fashion,South,Bengaluru,1,3231.0,0.0,3231.0,1752.63,1478.37,Debit Card,2024,7,2024-07,45.76,0%,0
ORD-100433,2024-07-25,C1037,Sunglasses,Fashion,East,Kolkata,2,1555.0,0.0,3110.0,1322.1,1787.9,Credit Card,2024,7,2024-07,57.49,0%,0
ORD-100434,2024-07-25,C1310,Bookshelf,Furniture,South,Bengaluru,1,5397.0,0.15,4587.45,4235.04,352.41,Debit Card,2024,7,2024-07,7.68,15%,0
ORD-100435,2024-07-26,C1173,Notebook Pack,Stationery,North,Chandigarh,8,430.0,0.25,2580.0,2035.72,544.28,UPI,2024,7,2024-07,21.1,25%,0
ORD-100436,2024-07-26,C1155,Notebook Pack,Stationery,South,Bengaluru,6,437.0,0.1,2359.8,1485.08,874.72,Credit Card,2024,7,2024-07,37.07,10%,0
ORD-100437,2024-07-26,C1152,Notebook Pack,Stationery,South,Bengaluru,7,467.0,0.0,3269.0,1719.82,1549.18,Cash on Delivery,2024,7,2024-07,47.39,0%,0
ORD-100438,2024-07-26,C1047,Backpack,Fashion,South,Hyderabad,2,1871.0,0.25,2806.5,1844.06,962.44,Credit Card,2024,7,2024-07,34.29,25%,0
ORD-100439,2024-07-26,C1258,Running Shoes,Fashion,East,Patna,1,3379.0,0.15,2872.15,1755.3,1116.85,UPI,2024,7,2024-07,38.89,15%,0
ORD-100440,2024-07-27,C1071,Sunglasses,Fashion,East,Patna,4,1437.0,0.05,5460.6,2725.17,2735.43,Net Banking,2024,7,2024-07,50.09,5%,0
ORD-100441,2024-07-27,C1385,Notebook Pack,Stationery,West,Mumbai,10,472.0,0.0,4720.0,2493.73,2226.27,UPI,2024,7,2024-07,47.17,0%,0
ORD-100442,2024-07-27,C1071,Smartphone,Electronics,East,Patna,3,29597.0,0.15,75472.35,70734.69,4737.66,Cash on Delivery,2024,7,2024-07,6.28,15%,0
ORD-100443,2024-07-27,C1059,Pen Set,Stationery,South,Hyderabad,2,319.0,0.2,510.4,293.73,216.67,UPI,2024,7,2024-07,42.45,20%,0
ORD-100444,2024-07-28,C1079,Pen Set,Stationery,East,Bhubaneswar,9,299.0,0.05,2556.45,1319.58,1236.87,UPI,2024,7,2024-07,48.38,5%,0
ORD-100445,2024-07-28,C1394,Desk Organizer,Stationery,West,Mumbai,2,695.0,0.0,1390.0,750.65,639.35,Credit Card,2024,7,2024-07,46.0,0%,0
ORD-100446,2024-07-29,C1349,Laptop,Electronics,North,Delhi,1,59376.0,0.1,53438.4,43705.0,9733.4,Credit Card,2024,7,2024-07,18.21,10%,0
ORD-100447,2024-07-30,C1120,Headphones,Electronics,West,Ahmedabad,3,3553.0,0.1,9593.1,6646.35,2946.75,UPI,2024,7,2024-07,30.72,10%,0
ORD-100448,2024-07-30,C1019,Laptop,Electronics,North,Chandigarh,2,53209.0,0.1,95776.2,89627.22,6148.98,Cash on Delivery,2024,7,2024-07,6.42,10%,0
ORD-100449,2024-07-31,C1178,Mixer Grinder,Home & Kitchen,South,Bengaluru,3,4074.0,0.05,11610.9,8243.03,3367.87,Credit Card,2024,7,2024-07,29.01,5%,0
ORD-100450,2024-07-31,C1129,Tablet,Electronics,North,Delhi,2,21290.0,0.2,34064.0,36390.98,-2326.98,UPI,2024,7,2024-07,-6.83,20%,1
ORD-100451,2024-07-31,C1364,Smartwatch,Electronics,South,Bengaluru,3,9162.0,0.05,26111.7,18410.88,7700.82,Net Banking,2024,7,2024-07,29.49,5%,0
ORD-100452,2024-08-01,C1017,Smartwatch,Electronics,West,Ahmedabad,2,9220.0,0.0,18440.0,12294.4,6145.6,Net Banking,2024,8,2024-08,33.33,0%,0
ORD-100453,2024-08-01,C1108,Backpack,Fashion,West,Mumbai,1,1792.0,0.0,1792.0,879.29,912.71,Credit Card,2024,8,2024-08,50.93,0%,0
ORD-100454,2024-08-01,C1438,Mixer Grinder,Home & Kitchen,West,Pune,3,4195.0,0.0,12585.0,8082.16,4502.84,Debit Card,2024,8,2024-08,35.78,0%,0
ORD-100455,2024-08-01,C1246,Headphones,Electronics,South,Hyderabad,2,3415.0,0.15,5805.5,4321.68,1483.82,Cash on Delivery,2024,8,2024-08,25.56,15%,0
ORD-100456,2024-08-02,C1057,Desk Organizer,Stationery,North,Delhi,9,649.0,0.1,5256.9,3308.48,1948.42,Credit Card,2024,8,2024-08,37.06,10%,0
ORD-100457,2024-08-02,C1428,Office Chair,Furniture,West,Ahmedabad,1,8530.0,0.05,8103.5,6982.27,1121.23,Net Banking,2024,8,2024-08,13.84,5%,0
ORD-100458,2024-08-03,C1027,Laptop,Electronics,East,Patna,3,54855.0,0.1,148108.5,130746.3,17362.2,UPI,2024,8,2024-08,11.72,10%,0
ORD-100459,2024-08-03,C1109,Sofa Set,Furniture,North,Delhi,2,30423.0,0.0,60846.0,54338.23,6507.77,Debit Card,2024,8,2024-08,10.7,0%,0
ORD-100460,2024-08-04,C1118,Cookware Set,Home & Kitchen,South,Bengaluru,2,3773.0,0.0,7546.0,4685.0,2861.0,UPI,2024,8,2024-08,37.91,0%,0
ORD-100461,2024-08-04,C1197,Smartwatch,Electronics,West,Ahmedabad,3,8771.0,0.0,26313.0,19058.95,7254.05,Credit Card,2024,8,2024-08,27.57,0%,0
ORD-100462,2024-08-04,C1346,Mixer Grinder,Home & Kitchen,North,Lucknow,1,4168.0,0.2,3334.4,2725.61,608.79,Net Banking,2024,8,2024-08,18.26,20%,0
ORD-100463,2024-08-04,C1161,Cookware Set,Home & Kitchen,West,Mumbai,3,3750.0,0.0,11250.0,6820.01,4429.99,UPI,2024,8,2024-08,39.38,0%,0
ORD-100464,2024-08-05,C1419,Laptop,Electronics,North,Delhi,2,57179.0,0.1,102922.2,87161.02,15761.18,Credit Card,2024,8,2024-08,15.31,10%,0
ORD-100465,2024-08-05,C1292,Pen Set,Stationery,South,Bengaluru,8,308.0,0.05,2340.8,1214.3,1126.5,Cash on Delivery,2024,8,2024-08,48.12,5%,0
ORD-100466,2024-08-05,C1174,Denim Jacket,Fashion,North,Chandigarh,2,2816.0,0.05,5350.4,2997.72,2352.68,Debit Card,2024,8,2024-08,43.97,5%,0
ORD-100467,2024-08-06,C1167,Running Shoes,Fashion,South,Bengaluru,1,3219.0,0.1,2897.1,1792.88,1104.22,Debit Card,2024,8,2024-08,38.11,10%,0
ORD-100468,2024-08-06,C1326,Smartwatch,Electronics,South,Bengaluru,1,9392.0,0.0,9392.0,6346.45,3045.55,Credit Card,2024,8,2024-08,32.43,0%,0
ORD-100469,2024-08-07,C1061,Notebook Pack,Stationery,North,Chandigarh,6,439.0,0.0,2634.0,1477.48,1156.52,Debit Card,2024,8,2024-08,43.91,0%,0
ORD-100470,2024-08-07,C1204,Headphones,Electronics,South,Hyderabad,2,3775.0,0.05,7172.5,4339.56,2832.94,Credit Card,2024,8,2024-08,39.5,5%,0
ORD-100471,2024-08-07,C1066,Smartwatch,Electronics,North,Delhi,2,9343.0,0.0,18686.0,12245.73,6440.27,Net Banking,2024,8,2024-08,34.47,0%,0
ORD-100472,2024-08-07,C1335,Laptop,Electronics,West,Mumbai,2,54981.0,0.1,98965.8,86667.74,12298.06,UPI,2024,8,2024-08,12.43,10%,0
ORD-100473,2024-08-09,C1311,Backpack,Fashion,East,Kolkata,3,1756.0,0.05,5004.6,2653.99,2350.61,Credit Card,2024,8,2024-08,46.97,5%,0
ORD-100474,2024-08-09,C1225,Headphones,Electronics,North,Chandigarh,2,3377.0,0.05,6416.3,4290.94,2125.36,Credit Card,2024,8,2024-08,33.12,5%,0
ORD-100475,2024-08-09,C1408,Denim Jacket,Fashion,East,Bhubaneswar,4,2838.0,0.0,11352.0,5772.31,5579.69,UPI,2024,8,2024-08,49.15,0%,0
ORD-100476,2024-08-09,C1300,Denim Jacket,Fashion,East,Kolkata,4,2965.0,0.1,10674.0,5872.95,4801.05,UPI,2024,8,2024-08,44.98,10%,0
ORD-100477,2024-08-11,C1355,Laptop,Electronics,East,Patna,2,53444.0,0.2,85510.4,90447.39,-4936.99,Credit Card,2024,8,2024-08,-5.77,20%,1
ORD-100478,2024-08-11,C1374,Running Shoes,Fashion,North,Chandigarh,1,3125.0,0.05,2968.75,1744.9,1223.85,Cash on Delivery,2024,8,2024-08,41.22,5%,0
ORD-100479,2024-08-11,C1291,Pen Set,Stationery,North,Delhi,10,289.0,0.0,2890.0,1534.64,1355.36,UPI,2024,8,2024-08,46.9,0%,0
ORD-100480,2024-08-13,C1316,Smartphone,Electronics,North,Delhi,2,28250.0,0.15,48025.0,44748.02,3276.98,Net Banking,2024,8,2024-08,6.82,15%,0
ORD-100481,2024-08-13,C1015,Laptop,Electronics,South,Bengaluru,1,55548.0,0.1,49993.2,42748.16,7245.04,UPI,2024,8,2024-08,14.49,10%,0
ORD-100482,2024-08-13,C1096,Cookware Set,Home & Kitchen,South,Hyderabad,1,3934.0,0.15,3343.9,2219.72,1124.18,Debit Card,2024,8,2024-08,33.62,15%,0
ORD-100483,2024-08-13,C1173,Study Desk,Furniture,North,Chandigarh,2,7209.0,0.1,12976.2,12003.36,972.84,Cash on Delivery,2024,8,2024-08,7.5,10%,0
ORD-100484,2024-08-14,C1400,Sofa Set,Furniture,East,Patna,2,33394.0,0.2,53430.4,56386.73,-2956.33,Cash on Delivery,2024,8,2024-08,-5.53,20%,1
ORD-100485,2024-08-14,C1357,Headphones,Electronics,North,Lucknow,3,3691.0,0.0,11073.0,6691.69,4381.31,UPI,2024,8,2024-08,39.57,0%,0
ORD-100486,2024-08-15,C1230,Backpack,Fashion,West,Pune,3,1748.0,0.15,4457.4,2633.4,1824.0,Debit Card,2024,8,2024-08,40.92,15%,0
ORD-100487,2024-08-15,C1157,Pen Set,Stationery,West,Ahmedabad,9,313.0,0.15,2394.45,1386.61,1007.84,UPI,2024,8,2024-08,42.09,15%,0
ORD-100488,2024-08-15,C1225,Air Fryer,Home & Kitchen,North,Chandigarh,1,6624.0,0.1,5961.6,4287.1,1674.5,Credit Card,2024,8,2024-08,28.09,10%,0
ORD-100489,2024-08-16,C1170,Tablet,Electronics,North,Delhi,1,23375.0,0.1,21037.5,18345.77,2691.73,Net Banking,2024,8,2024-08,12.79,10%,0
ORD-100490,2024-08-16,C1178,Sunglasses,Fashion,South,Bengaluru,1,1474.0,0.05,1400.3,693.53,706.77,Credit Card,2024,8,2024-08,50.47,5%,0
ORD-100491,2024-08-16,C1333,Backpack,Fashion,South,Hyderabad,2,1799.0,0.05,3418.1,1762.3,1655.8,Debit Card,2024,8,2024-08,48.44,5%,0
ORD-100492,2024-08-18,C1407,Pen Set,Stationery,South,Chennai,5,319.0,0.05,1515.25,740.28,774.97,Debit Card,2024,8,2024-08,51.14,5%,0
ORD-100493,2024-08-18,C1326,Desk Organizer,Stationery,South,Bengaluru,8,659.0,0.15,4481.2,3091.87,1389.33,Debit Card,2024,8,2024-08,31.0,15%,0
ORD-100494,2024-08-18,C1122,Denim Jacket,Fashion,South,Hyderabad,3,2842.0,0.05,8099.7,4484.04,3615.66,Credit Card,2024,8,2024-08,44.64,5%,0
ORD-100495,2024-08-19,C1156,Backpack,Fashion,East,Patna,4,1860.0,0.0,7440.0,3679.75,3760.25,UPI,2024,8,2024-08,50.54,0%,0
ORD-100496,2024-08-19,C1094,Denim Jacket,Fashion,South,Bengaluru,3,2861.0,0.1,7724.7,4467.9,3256.8,UPI,2024,8,2024-08,42.16,10%,0
ORD-100497,2024-08-19,C1315,Desk Organizer,Stationery,South,Bengaluru,7,642.0,0.0,4494.0,2698.49,1795.51,UPI,2024,8,2024-08,39.95,0%,0
ORD-100498,2024-08-21,C1316,Denim Jacket,Fashion,North,Delhi,1,2977.0,0.1,2679.3,1478.11,1201.19,UPI,2024,8,2024-08,44.83,10%,0
ORD-100499,2024-08-22,C1123,Pen Set,Stationery,South,Bengaluru,10,290.0,0.0,2900.0,1467.3,1432.7,Debit Card,2024,8,2024-08,49.4,0%,0
ORD-100500,2024-08-22,C1059,Sofa Set,Furniture,South,Hyderabad,2,32901.0,0.15,55931.7,56008.26,-76.56,UPI,2024,8,2024-08,-0.14,15%,1
ORD-100501,2024-08-22,C1365,Sunglasses,Fashion,South,Bengaluru,2,1456.0,0.0,2912.0,1352.0,1560.0,UPI,2024,8,2024-08,53.57,0%,0
ORD-100502,2024-08-22,C1433,Cookware Set,Home & Kitchen,East,Bhubaneswar,1,3713.0,0.1,3341.7,2240.58,1101.12,UPI,2024,8,2024-08,32.95,10%,0
ORD-100503,2024-08-22,C1192,Notebook Pack,Stationery,South,Bengaluru,6,483.0,0.0,2898.0,1480.52,1417.48,UPI,2024,8,2024-08,48.91,0%,0
ORD-100504,2024-08-23,C1310,Pen Set,Stationery,South,Bengaluru,6,298.0,0.1,1609.2,909.15,700.05,Debit Card,2024,8,2024-08,43.5,10%,0
ORD-100505,2024-08-23,C1012,Smartphone,Electronics,North,Chandigarh,1,27017.0,0.05,25666.15,22459.19,3206.96,Credit Card,2024,8,2024-08,12.49,5%,0
ORD-100506,2024-08-23,C1047,Denim Jacket,Fashion,South,Hyderabad,2,2994.0,0.1,5389.2,2892.52,2496.68,Credit Card,2024,8,2024-08,46.33,10%,0
ORD-100507,2024-08-23,C1383,Bookshelf,Furniture,West,Ahmedabad,2,5636.0,0.2,9017.6,8753.99,263.61,Net Banking,2024,8,2024-08,2.92,20%,0
ORD-100508,2024-08-23,C1070,Tablet,Electronics,West,Ahmedabad,2,22874.0,0.05,43460.6,37812.25,5648.35,Debit Card,2024,8,2024-08,13.0,5%,0
ORD-100509,2024-08-24,C1127,Bookshelf,Furniture,South,Bengaluru,1,5576.0,0.1,5018.4,4353.51,664.89,Credit Card,2024,8,2024-08,13.25,10%,0
ORD-100510,2024-08-24,C1225,Cookware Set,Home & Kitchen,North,Chandigarh,1,3962.0,0.0,3962.0,2312.67,1649.33,Debit Card,2024,8,2024-08,41.63,0%,0
ORD-100511,2024-08-24,C1247,Study Desk,Furniture,West,Ahmedabad,1,7959.0,0.15,6765.15,6163.43,601.72,Net Banking,2024,8,2024-08,8.89,15%,0
ORD-100512,2024-08-25,C1271,Running Shoes,Fashion,West,Ahmedabad,1,3453.0,0.1,3107.7,1719.35,1388.35,UPI,2024,8,2024-08,44.67,10%,0
ORD-100513,2024-08-25,C1187,Notebook Pack,Stationery,West,Pune,5,442.0,0.15,1878.5,1234.92,643.58,Net Banking,2024,8,2024-08,34.26,15%,0
ORD-100514,2024-08-25,C1439,Cookware Set,Home & Kitchen,South,Hyderabad,2,4049.0,0.0,8098.0,4603.52,3494.48,UPI,2024,8,2024-08,43.15,0%,0
ORD-100515,2024-08-26,C1117,Desk Organizer,Stationery,North,Chandigarh,4,674.0,0.0,2696.0,1539.48,1156.52,UPI,2024,8,2024-08,42.9,0%,0
ORD-100516,2024-08-26,C1210,Denim Jacket,Fashion,South,Chennai,4,2796.0,0.1,10065.6,5968.96,4096.64,UPI,2024,8,2024-08,40.7,10%,0
ORD-100517,2024-08-26,C1394,Sunglasses,Fashion,West,Mumbai,1,1576.0,0.2,1260.8,656.64,604.16,Credit Card,2024,8,2024-08,47.92,20%,0
ORD-100518,2024-08-27,C1352,Sunglasses,Fashion,West,Ahmedabad,1,1454.0,0.0,1454.0,685.21,768.79,UPI,2024,8,2024-08,52.87,0%,0
ORD-100519,2024-08-27,C1328,Backpack,Fashion,East,Patna,4,1862.0,0.0,7448.0,3701.3,3746.7,Credit Card,2024,8,2024-08,50.3,0%,0
ORD-100520,2024-08-29,C1099,Smartphone,Electronics,South,Hyderabad,1,27846.0,0.25,20884.5,22688.19,-1803.69,UPI,2024,8,2024-08,-8.64,25%,1
ORD-100521,2024-08-29,C1039,Backpack,Fashion,South,Bengaluru,2,1774.0,0.1,3193.2,1751.47,1441.73,Credit Card,2024,8,2024-08,45.15,10%,0
ORD-100522,2024-08-30,C1054,Smartwatch,Electronics,East,Patna,3,9237.0,0.05,26325.45,19175.41,7150.04,Cash on Delivery,2024,8,2024-08,27.16,5%,0
ORD-100523,2024-08-31,C1415,Office Chair,Furniture,South,Hyderabad,2,8647.0,0.15,14699.9,13882.04,817.86,Credit Card,2024,8,2024-08,5.56,15%,0
ORD-100524,2024-08-31,C1124,Cookware Set,Home & Kitchen,East,Patna,1,4037.0,0.0,4037.0,2326.49,1710.51,UPI,2024,8,2024-08,42.37,0%,0
ORD-100525,2024-08-31,C1171,Smartwatch,Electronics,West,Ahmedabad,3,9549.0,0.2,22917.6,18593.52,4324.08,Credit Card,2024,8,2024-08,18.87,20%,0
ORD-100526,2024-08-31,C1051,Running Shoes,Fashion,South,Hyderabad,1,3433.0,0.05,3261.35,1780.1,1481.25,Credit Card,2024,8,2024-08,45.42,5%,0
ORD-100527,2024-09-01,C1275,Backpack,Fashion,East,Bhubaneswar,2,1920.0,0.1,3456.0,1815.68,1640.32,Credit Card,2024,9,2024-09,47.46,10%,0
ORD-100528,2024-09-02,C1278,Denim Jacket,Fashion,North,Delhi,3,2821.0,0.15,7193.55,4490.89,2702.66,Cash on Delivery,2024,9,2024-09,37.57,15%,0
ORD-100529,2024-09-02,C1268,Notebook Pack,Stationery,West,Mumbai,3,471.0,0.05,1342.35,731.69,610.66,UPI,2024,9,2024-09,45.49,5%,0
ORD-100530,2024-09-02,C1388,Desk Organizer,Stationery,South,Chennai,2,661.0,0.0,1322.0,762.73,559.27,Credit Card,2024,9,2024-09,42.3,0%,0
ORD-100531,2024-09-02,C1450,Notebook Pack,Stationery,East,Patna,8,448.0,0.0,3584.0,1931.69,1652.31,Credit Card,2024,9,2024-09,46.1,0%,0
ORD-100532,2024-09-02,C1049,Laptop,Electronics,West,Mumbai,1,54193.0,0.0,54193.0,44612.9,9580.1,UPI,2024,9,2024-09,17.68,0%,0
ORD-100533,2024-09-02,C1100,Pen Set,Stationery,North,Chandigarh,4,289.0,0.1,1040.4,591.24,449.16,Credit Card,2024,9,2024-09,43.17,10%,0
ORD-100534,2024-09-02,C1444,Headphones,Electronics,East,Bhubaneswar,1,3382.0,0.05,3212.9,2215.78,997.12,UPI,2024,9,2024-09,31.03,5%,0
ORD-100535,2024-09-02,C1363,Study Desk,Furniture,West,Pune,1,7392.0,0.05,7022.4,5824.51,1197.89,Cash on Delivery,2024,9,2024-09,17.06,5%,0
ORD-100536,2024-09-03,C1259,Mixer Grinder,Home & Kitchen,West,Pune,1,4100.0,0.1,3690.0,2716.59,973.41,UPI,2024,9,2024-09,26.38,10%,0
ORD-100537,2024-09-03,C1257,Pen Set,Stationery,South,Chennai,5,316.0,0.0,1580.0,759.11,820.89,Debit Card,2024,9,2024-09,51.96,0%,0
ORD-100538,2024-09-04,C1013,Running Shoes,Fashion,West,Mumbai,2,3380.0,0.0,6760.0,3486.0,3274.0,Debit Card,2024,9,2024-09,48.43,0%,0
ORD-100539,2024-09-04,C1035,Headphones,Electronics,North,Lucknow,3,3337.0,0.0,10011.0,6572.75,3438.25,Cash on Delivery,2024,9,2024-09,34.34,0%,0
ORD-100540,2024-09-05,C1232,Air Fryer,Home & Kitchen,South,Hyderabad,3,6615.0,0.05,18852.75,12947.05,5905.7,Cash on Delivery,2024,9,2024-09,31.33,5%,0
ORD-100541,2024-09-06,C1187,Notebook Pack,Stationery,West,Pune,8,447.0,0.0,3576.0,2021.53,1554.47,UPI,2024,9,2024-09,43.47,0%,0
ORD-100542,2024-09-06,C1362,Cookware Set,Home & Kitchen,West,Pune,3,3846.0,0.0,11538.0,6981.49,4556.51,UPI,2024,9,2024-09,39.49,0%,0
ORD-100543,2024-09-07,C1225,Sofa Set,Furniture,North,Chandigarh,2,32210.0,0.0,64420.0,54827.62,9592.38,Cash on Delivery,2024,9,2024-09,14.89,0%,0
ORD-100544,2024-09-07,C1203,Laptop,Electronics,South,Hyderabad,3,56973.0,0.2,136735.2,132742.79,3992.41,Net Banking,2024,9,2024-09,2.92,20%,0
ORD-100545,2024-09-07,C1158,Tablet,Electronics,South,Hyderabad,3,23594.0,0.1,63703.8,56017.49,7686.31,Credit Card,2024,9,2024-09,12.07,10%,0
ORD-100546,2024-09-07,C1401,Smartphone,Electronics,South,Hyderabad,3,29578.0,0.05,84297.3,67968.47,16328.83,UPI,2024,9,2024-09,19.37,5%,0
ORD-100547,2024-09-07,C1323,Headphones,Electronics,South,Hyderabad,3,3578.0,0.1,9660.6,6697.19,2963.41,UPI,2024,9,2024-09,30.68,10%,0
ORD-100548,2024-09-08,C1219,Denim Jacket,Fashion,South,Hyderabad,1,2721.0,0.1,2448.9,1465.26,983.64,UPI,2024,9,2024-09,40.17,10%,0
ORD-100549,2024-09-08,C1384,Headphones,Electronics,South,Hyderabad,1,3467.0,0.1,3120.3,2214.16,906.14,Debit Card,2024,9,2024-09,29.04,10%,0
ORD-100550,2024-09-08,C1279,Notebook Pack,Stationery,West,Ahmedabad,7,454.0,0.05,3019.1,1719.93,1299.17,Credit Card,2024,9,2024-09,43.03,5%,0
ORD-100551,2024-09-08,C1187,Headphones,Electronics,West,Pune,1,3502.0,0.0,3502.0,2202.8,1299.2,Credit Card,2024,9,2024-09,37.1,0%,0
ORD-100552,2024-09-09,C1241,Notebook Pack,Stationery,West,Ahmedabad,1,477.0,0.15,405.45,241.53,163.92,Cash on Delivery,2024,9,2024-09,40.43,15%,0
ORD-100553,2024-09-09,C1266,Laptop,Electronics,South,Bengaluru,2,57916.0,0.1,104248.8,87272.01,16976.79,UPI,2024,9,2024-09,16.28,10%,0
ORD-100554,2024-09-09,C1043,Laptop,Electronics,West,Pune,1,52954.0,0.1,47658.6,44068.28,3590.32,Credit Card,2024,9,2024-09,7.53,10%,0
ORD-100555,2024-09-10,C1009,Air Fryer,Home & Kitchen,East,Bhubaneswar,1,6404.0,0.2,5123.2,4274.13,849.07,UPI,2024,9,2024-09,16.57,20%,0
ORD-100556,2024-09-10,C1398,Notebook Pack,Stationery,East,Kolkata,8,452.0,0.0,3616.0,1925.82,1690.18,Credit Card,2024,9,2024-09,46.74,0%,0
ORD-100557,2024-09-11,C1304,Pen Set,Stationery,North,Delhi,9,297.0,0.15,2272.05,1348.04,924.01,Net Banking,2024,9,2024-09,40.67,15%,0
ORD-100558,2024-09-12,C1157,Running Shoes,Fashion,West,Ahmedabad,3,3283.0,0.05,9356.55,5431.15,3925.4,Credit Card,2024,9,2024-09,41.95,5%,0
ORD-100559,2024-09-13,C1175,Running Shoes,Fashion,West,Mumbai,1,3268.0,0.15,2777.8,1747.4,1030.4,Credit Card,2024,9,2024-09,37.09,15%,0
ORD-100560,2024-09-13,C1030,Mixer Grinder,Home & Kitchen,West,Mumbai,2,4348.0,0.05,8261.2,5360.85,2900.35,Debit Card,2024,9,2024-09,35.11,5%,0
ORD-100561,2024-09-13,C1380,Notebook Pack,Stationery,South,Chennai,8,449.0,0.1,3232.8,1989.72,1243.08,Debit Card,2024,9,2024-09,38.45,10%,0
ORD-100562,2024-09-13,C1346,Sunglasses,Fashion,North,Lucknow,2,1462.0,0.1,2631.6,1322.31,1309.29,Credit Card,2024,9,2024-09,49.75,10%,0
ORD-100563,2024-09-13,C1219,Air Fryer,Home & Kitchen,South,Hyderabad,1,6496.0,0.15,5521.6,4296.77,1224.83,Cash on Delivery,2024,9,2024-09,22.18,15%,0
ORD-100564,2024-09-13,C1353,Denim Jacket,Fashion,West,Pune,4,2721.0,0.0,10884.0,5767.42,5116.58,UPI,2024,9,2024-09,47.01,0%,0
ORD-100565,2024-09-14,C1088,Backpack,Fashion,West,Mumbai,3,1858.0,0.0,5574.0,2775.99,2798.01,Debit Card,2024,9,2024-09,50.2,0%,0
ORD-100566,2024-09-14,C1217,Desk Organizer,Stationery,West,Pune,2,620.0,0.1,1116.0,756.64,359.36,UPI,2024,9,2024-09,32.2,10%,0
ORD-100567,2024-09-15,C1276,Pen Set,Stationery,West,Mumbai,8,314.0,0.1,2260.8,1182.54,1078.26,Cash on Delivery,2024,9,2024-09,47.69,10%,0
ORD-100568,2024-09-15,C1074,Running Shoes,Fashion,South,Hyderabad,2,3063.0,0.1,5513.4,3622.09,1891.31,Cash on Delivery,2024,9,2024-09,34.3,10%,0
ORD-100569,2024-09-15,C1447,Cookware Set,Home & Kitchen,South,Chennai,1,3967.0,0.1,3570.3,2222.51,1347.79,UPI,2024,9,2024-09,37.75,10%,0
ORD-100570,2024-09-15,C1093,Denim Jacket,Fashion,West,Mumbai,2,3007.0,0.25,4510.5,2889.45,1621.05,Debit Card,2024,9,2024-09,35.94,25%,0
ORD-100571,2024-09-16,C1062,Running Shoes,Fashion,South,Hyderabad,4,3180.0,0.05,12084.0,6919.63,5164.37,UPI,2024,9,2024-09,42.74,5%,0
ORD-100572,2024-09-16,C1407,Tablet,Electronics,South,Chennai,1,21144.0,0.05,20086.8,18731.92,1354.88,UPI,2024,9,2024-09,6.75,5%,0
ORD-100573,2024-09-16,C1021,Backpack,Fashion,West,Pune,3,1862.0,0.1,5027.4,2710.9,2316.5,Credit Card,2024,9,2024-09,46.08,10%,0
ORD-100574,2024-09-17,C1102,Running Shoes,Fashion,North,Lucknow,3,3248.0,0.0,9744.0,5225.59,4518.41,Debit Card,2024,9,2024-09,46.37,0%,0
ORD-100575,2024-09-17,C1031,Headphones,Electronics,West,Ahmedabad,2,3622.0,0.15,6157.4,4453.88,1703.52,Cash on Delivery,2024,9,2024-09,27.67,15%,0
ORD-100576,2024-09-18,C1119,Denim Jacket,Fashion,West,Mumbai,2,2882.0,0.1,5187.6,2933.38,2254.22,UPI,2024,9,2024-09,43.45,10%,0
ORD-100577,2024-09-18,C1096,Smartphone,Electronics,South,Hyderabad,1,27162.0,0.2,21729.6,22290.28,-560.68,Credit Card,2024,9,2024-09,-2.58,20%,1
ORD-100578,2024-09-19,C1162,Desk Organizer,Stationery,North,Lucknow,2,662.0,0.1,1191.6,745.73,445.87,Credit Card,2024,9,2024-09,37.42,10%,0
ORD-100579,2024-09-20,C1333,Notebook Pack,Stationery,South,Hyderabad,9,475.0,0.05,4061.25,2260.52,1800.73,Credit Card,2024,9,2024-09,44.34,5%,0
ORD-100580,2024-09-20,C1331,Air Fryer,Home & Kitchen,South,Bengaluru,3,6809.0,0.2,16341.6,12753.65,3587.95,Debit Card,2024,9,2024-09,21.96,20%,0
ORD-100581,2024-09-21,C1265,Study Desk,Furniture,West,Pune,1,7857.0,0.05,7464.15,6003.14,1461.01,UPI,2024,9,2024-09,19.57,5%,0
ORD-100582,2024-09-21,C1117,Smartwatch,Electronics,North,Chandigarh,3,9617.0,0.0,28851.0,19438.38,9412.62,UPI,2024,9,2024-09,32.62,0%,0
ORD-100583,2024-09-21,C1255,Cookware Set,Home & Kitchen,West,Pune,3,3954.0,0.1,10675.8,7006.44,3669.36,Credit Card,2024,9,2024-09,34.37,10%,0
ORD-100584,2024-09-23,C1121,Smartphone,Electronics,West,Mumbai,2,29178.0,0.05,55438.2,46053.77,9384.43,Credit Card,2024,9,2024-09,16.93,5%,0
ORD-100585,2024-09-24,C1346,Running Shoes,Fashion,North,Lucknow,4,3341.0,0.1,12027.6,7204.89,4822.71,Credit Card,2024,9,2024-09,40.1,10%,0
ORD-100586,2024-09-24,C1052,Desk Organizer,Stationery,East,Kolkata,8,671.0,0.1,4831.2,3011.88,1819.32,UPI,2024,9,2024-09,37.66,10%,0
ORD-100587,2024-09-25,C1164,Sunglasses,Fashion,West,Pune,2,1602.0,0.0,3204.0,1356.19,1847.81,Credit Card,2024,9,2024-09,57.67,0%,0
ORD-100588,2024-09-25,C1251,Headphones,Electronics,North,Delhi,2,3570.0,0.0,7140.0,4365.42,2774.58,Credit Card,2024,9,2024-09,38.86,0%,0
ORD-100589,2024-09-25,C1162,Notebook Pack,Stationery,North,Lucknow,9,442.0,0.1,3580.2,2164.3,1415.9,Net Banking,2024,9,2024-09,39.55,10%,0
ORD-100590,2024-09-26,C1352,Smartwatch,Electronics,West,Ahmedabad,3,9375.0,0.25,21093.75,19427.97,1665.78,UPI,2024,9,2024-09,7.9,25%,0
ORD-100591,2024-09-26,C1142,Notebook Pack,Stationery,North,Chandigarh,2,464.0,0.0,928.0,480.3,447.7,UPI,2024,9,2024-09,48.24,0%,0
ORD-100592,2024-09-26,C1115,Headphones,Electronics,South,Hyderabad,2,3738.0,0.05,7102.2,4417.31,2684.89,Net Banking,2024,9,2024-09,37.8,5%,0
ORD-100593,2024-09-26,C1173,Cookware Set,Home & Kitchen,North,Chandigarh,2,4037.0,0.15,6862.9,4669.87,2193.03,Credit Card,2024,9,2024-09,31.95,15%,0
ORD-100594,2024-09-27,C1400,Backpack,Fashion,East,Patna,3,1816.0,0.15,4630.8,2627.72,2003.08,UPI,2024,9,2024-09,43.26,15%,0
ORD-100595,2024-09-27,C1036,Backpack,Fashion,East,Patna,3,1939.0,0.1,5235.3,2658.43,2576.87,Cash on Delivery,2024,9,2024-09,49.22,10%,0
ORD-100596,2024-09-28,C1014,Running Shoes,Fashion,West,Pune,1,3051.0,0.1,2745.9,1811.4,934.5,Cash on Delivery,2024,9,2024-09,34.03,10%,0
ORD-100597,2024-09-28,C1214,Running Shoes,Fashion,West,Ahmedabad,1,3082.0,0.1,2773.8,1733.71,1040.09,Credit Card,2024,9,2024-09,37.5,10%,0
ORD-100598,2024-09-28,C1001,Pen Set,Stationery,West,Pune,6,294.0,0.0,1764.0,879.69,884.31,UPI,2024,9,2024-09,50.13,0%,0
ORD-100599,2024-09-28,C1047,Mixer Grinder,Home & Kitchen,South,Hyderabad,1,4393.0,0.2,3514.4,2713.83,800.57,UPI,2024,9,2024-09,22.78,20%,0
ORD-100600,2024-09-29,C1104,Headphones,Electronics,East,Kolkata,3,3763.0,0.25,8466.75,6463.88,2002.87,UPI,2024,9,2024-09,23.66,25%,0
ORD-100601,2024-09-29,C1130,Backpack,Fashion,North,Lucknow,2,1939.0,0.05,3684.1,1792.37,1891.73,UPI,2024,9,2024-09,51.35,5%,0
ORD-100602,2024-09-29,C1384,Running Shoes,Fashion,South,Hyderabad,1,3098.0,0.1,2788.2,1750.14,1038.06,UPI,2024,9,2024-09,37.23,10%,0
ORD-100603,2024-09-30,C1122,Laptop,Electronics,South,Hyderabad,2,52692.0,0.15,89576.4,89159.94,416.46,Cash on Delivery,2024,9,2024-09,0.46,15%,0
ORD-100604,2024-10-01,C1317,Denim Jacket,Fashion,South,Bengaluru,2,2902.0,0.1,5223.6,2917.21,2306.39,Debit Card,2024,10,2024-10,44.15,10%,0
ORD-100605,2024-10-01,C1102,Denim Jacket,Fashion,North,Lucknow,2,3022.0,0.2,4835.2,2971.21,1863.99,Debit Card,2024,10,2024-10,38.55,20%,0
ORD-100606,2024-10-01,C1282,Tablet,Electronics,North,Delhi,1,23064.0,0.05,21910.8,18342.22,3568.58,UPI,2024,10,2024-10,16.29,5%,0
ORD-100607,2024-10-02,C1255,Backpack,Fashion,West,Pune,2,1906.0,0.05,3621.4,1797.72,1823.68,UPI,2024,10,2024-10,50.36,5%,0
ORD-100608,2024-10-03,C1006,Office Chair,Furniture,North,Lucknow,2,8450.0,0.15,14365.0,13904.98,460.02,UPI,2024,10,2024-10,3.2,15%,0
ORD-100609,2024-10-03,C1287,Smartphone,Electronics,West,Ahmedabad,1,28668.0,0.25,21501.0,23076.26,-1575.26,Debit Card,2024,10,2024-10,-7.33,25%,1
ORD-100610,2024-10-04,C1362,Backpack,Fashion,West,Pune,2,1920.0,0.15,3264.0,1770.83,1493.17,Debit Card,2024,10,2024-10,45.75,15%,0
ORD-100611,2024-10-04,C1004,Running Shoes,Fashion,West,Mumbai,3,3437.0,0.25,7733.25,5222.07,2511.18,Credit Card,2024,10,2024-10,32.47,25%,0
ORD-100612,2024-10-05,C1136,Pen Set,Stationery,North,Chandigarh,9,303.0,0.0,2727.0,1343.71,1383.29,UPI,2024,10,2024-10,50.73,0%,0
ORD-100613,2024-10-05,C1061,Air Fryer,Home & Kitchen,North,Chandigarh,1,6372.0,0.1,5734.8,4344.8,1390.0,Debit Card,2024,10,2024-10,24.24,10%,0
ORD-100614,2024-10-06,C1382,Headphones,Electronics,South,Hyderabad,3,3654.0,0.2,8769.6,6599.17,2170.43,Credit Card,2024,10,2024-10,24.75,20%,0
ORD-100615,2024-10-06,C1329,Sunglasses,Fashion,East,Bhubaneswar,4,1620.0,0.2,5184.0,2757.64,2426.36,Cash on Delivery,2024,10,2024-10,46.8,20%,0
ORD-100616,2024-10-07,C1076,Smartwatch,Electronics,South,Bengaluru,2,9236.0,0.15,15701.2,12825.32,2875.88,Cash on Delivery,2024,10,2024-10,18.32,15%,0
ORD-100617,2024-10-07,C1321,Denim Jacket,Fashion,South,Hyderabad,2,2732.0,0.15,4644.4,2919.92,1724.48,Debit Card,2024,10,2024-10,37.13,15%,0
ORD-100618,2024-10-07,C1161,Mixer Grinder,Home & Kitchen,West,Mumbai,2,3993.0,0.25,5989.5,5512.23,477.27,UPI,2024,10,2024-10,7.97,25%,0
ORD-100619,2024-10-08,C1193,Office Chair,Furniture,South,Hyderabad,1,8837.0,0.1,7953.3,7037.44,915.86,UPI,2024,10,2024-10,11.52,10%,0
ORD-100620,2024-10-08,C1295,Smartwatch,Electronics,North,Lucknow,2,9166.0,0.15,15582.2,12594.49,2987.71,Debit Card,2024,10,2024-10,19.17,15%,0
ORD-100621,2024-10-09,C1058,Desk Organizer,Stationery,West,Mumbai,3,692.0,0.1,1868.4,1120.41,747.99,UPI,2024,10,2024-10,40.03,10%,0
ORD-100622,2024-10-09,C1270,Desk Organizer,Stationery,West,Mumbai,8,651.0,0.0,5208.0,2956.94,2251.06,Debit Card,2024,10,2024-10,43.22,0%,0
ORD-100623,2024-10-09,C1352,Backpack,Fashion,West,Ahmedabad,4,1864.0,0.0,7456.0,3641.23,3814.77,Debit Card,2024,10,2024-10,51.16,0%,0
ORD-100624,2024-10-09,C1090,Study Desk,Furniture,East,Bhubaneswar,2,7334.0,0.15,12467.8,11737.65,730.15,Debit Card,2024,10,2024-10,5.86,15%,0
ORD-100625,2024-10-10,C1014,Headphones,Electronics,West,Pune,3,3470.0,0.1,9369.0,6401.44,2967.56,UPI,2024,10,2024-10,31.67,10%,0
ORD-100626,2024-10-10,C1270,Running Shoes,Fashion,West,Mumbai,1,3365.0,0.15,2860.25,1758.11,1102.14,Net Banking,2024,10,2024-10,38.53,15%,0
ORD-100627,2024-10-12,C1129,Sunglasses,Fashion,North,Delhi,3,1562.0,0.25,3514.5,2071.06,1443.44,UPI,2024,10,2024-10,41.07,25%,0
ORD-100628,2024-10-12,C1268,Notebook Pack,Stationery,West,Mumbai,9,459.0,0.2,3304.8,2242.32,1062.48,Credit Card,2024,10,2024-10,32.15,20%,0
ORD-100629,2024-10-12,C1199,Smartphone,Electronics,West,Pune,3,29905.0,0.25,67286.25,70230.05,-2943.8,Credit Card,2024,10,2024-10,-4.38,25%,1
ORD-100630,2024-10-12,C1250,Laptop,Electronics,North,Delhi,3,52640.0,0.15,134232.0,135270.27,-1038.27,UPI,2024,10,2024-10,-0.77,15%,1
ORD-100631,2024-10-13,C1413,Pen Set,Stationery,North,Delhi,9,286.0,0.2,2059.2,1341.29,717.91,Debit Card,2024,10,2024-10,34.86,20%,0
ORD-100632,2024-10-14,C1331,Mixer Grinder,Home & Kitchen,South,Bengaluru,1,4382.0,0.05,4162.9,2628.77,1534.13,Cash on Delivery,2024,10,2024-10,36.85,5%,0
ORD-100633,2024-10-15,C1357,Pen Set,Stationery,North,Lucknow,4,290.0,0.1,1044.0,591.62,452.38,Net Banking,2024,10,2024-10,43.33,10%,0
ORD-100634,2024-10-16,C1289,Headphones,Electronics,East,Patna,2,3773.0,0.0,7546.0,4446.2,3099.8,Debit Card,2024,10,2024-10,41.08,0%,0
ORD-100635,2024-10-16,C1295,Denim Jacket,Fashion,North,Lucknow,4,2980.0,0.1,10728.0,5674.65,5053.35,Debit Card,2024,10,2024-10,47.1,10%,0
ORD-100636,2024-10-16,C1175,Headphones,Electronics,West,Mumbai,2,3501.0,0.1,6301.8,4370.73,1931.07,UPI,2024,10,2024-10,30.64,10%,0
ORD-100637,2024-10-16,C1390,Smartwatch,Electronics,West,Pune,1,9686.0,0.0,9686.0,6124.93,3561.07,Credit Card,2024,10,2024-10,36.77,0%,0
ORD-100638,2024-10-16,C1327,Pen Set,Stationery,South,Chennai,5,299.0,0.1,1345.5,739.96,605.54,Credit Card,2024,10,2024-10,45.0,10%,0
ORD-100639,2024-10-16,C1398,Tablet,Electronics,East,Kolkata,1,21933.0,0.25,16449.75,18859.75,-2410.0,Credit Card,2024,10,2024-10,-14.65,25%,1
ORD-100640,2024-10-17,C1406,Headphones,Electronics,West,Mumbai,2,3574.0,0.2,5718.4,4223.98,1494.42,UPI,2024,10,2024-10,26.13,20%,0
ORD-100641,2024-10-17,C1153,Backpack,Fashion,East,Patna,3,1822.0,0.0,5466.0,2644.54,2821.46,Cash on Delivery,2024,10,2024-10,51.62,0%,0
ORD-100642,2024-10-17,C1217,Sunglasses,Fashion,West,Pune,2,1500.0,0.0,3000.0,1331.87,1668.13,Debit Card,2024,10,2024-10,55.6,0%,0
ORD-100643,2024-10-18,C1344,Backpack,Fashion,North,Chandigarh,2,1920.0,0.0,3840.0,1764.3,2075.7,Debit Card,2024,10,2024-10,54.05,0%,0
ORD-100644,2024-10-20,C1416,Pen Set,Stationery,South,Hyderabad,9,297.0,0.15,2272.05,1376.15,895.9,Credit Card,2024,10,2024-10,39.43,15%,0
ORD-100645,2024-10-20,C1037,Headphones,Electronics,East,Kolkata,2,3761.0,0.1,6769.8,4308.47,2461.33,Cash on Delivery,2024,10,2024-10,36.36,10%,0
ORD-100646,2024-10-20,C1052,Smartphone,Electronics,East,Kolkata,2,29474.0,0.0,58948.0,44637.34,14310.66,UPI,2024,10,2024-10,24.28,0%,0
ORD-100647,2024-10-20,C1008,Office Chair,Furniture,West,Pune,1,8314.0,0.25,6235.5,7092.84,-857.34,UPI,2024,10,2024-10,-13.75,25%,1
ORD-100648,2024-10-20,C1344,Desk Organizer,Stationery,North,Chandigarh,8,663.0,0.1,4773.6,3018.78,1754.82,Credit Card,2024,10,2024-10,36.76,10%,0
ORD-100649,2024-10-20,C1432,Laptop,Electronics,South,Bengaluru,3,56366.0,0.2,135278.4,133879.13,1399.27,UPI,2024,10,2024-10,1.03,20%,0
ORD-100650,2024-10-20,C1295,Sunglasses,Fashion,North,Lucknow,3,1588.0,0.2,3811.2,2020.32,1790.88,UPI,2024,10,2024-10,46.99,20%,0
ORD-100651,2024-10-20,C1091,Headphones,Electronics,North,Delhi,3,3454.0,0.05,9843.9,6702.43,3141.47,UPI,2024,10,2024-10,31.91,5%,0
ORD-100652,2024-10-21,C1418,Mixer Grinder,Home & Kitchen,West,Pune,2,4445.0,0.2,7112.0,5258.01,1853.99,UPI,2024,10,2024-10,26.07,20%,0
ORD-100653,2024-10-21,C1042,Denim Jacket,Fashion,South,Chennai,1,2790.0,0.25,2092.5,1483.86,608.64,Debit Card,2024,10,2024-10,29.09,25%,0
ORD-100654,2024-10-21,C1023,Headphones,Electronics,South,Bengaluru,1,3623.0,0.1,3260.7,2166.44,1094.26,Credit Card,2024,10,2024-10,33.56,10%,0
ORD-100655,2024-10-22,C1141,Office Chair,Furniture,East,Patna,1,8537.0,0.15,7256.45,7239.03,17.42,Net Banking,2024,10,2024-10,0.24,15%,0
ORD-100656,2024-10-22,C1292,Headphones,Electronics,South,Bengaluru,2,3544.0,0.0,7088.0,4445.78,2642.22,Cash on Delivery,2024,10,2024-10,37.28,0%,0
ORD-100657,2024-10-22,C1096,Laptop,Electronics,South,Hyderabad,3,53538.0,0.05,152583.3,134486.65,18096.65,UPI,2024,10,2024-10,11.86,5%,0
ORD-100658,2024-10-23,C1173,Denim Jacket,Fashion,North,Chandigarh,4,2850.0,0.05,10830.0,5797.64,5032.36,Cash on Delivery,2024,10,2024-10,46.47,5%,0
ORD-100659,2024-10-23,C1412,Backpack,Fashion,South,Hyderabad,1,1839.0,0.2,1471.2,887.27,583.93,UPI,2024,10,2024-10,39.69,20%,0
ORD-100660,2024-10-24,C1011,Smartwatch,Electronics,North,Delhi,3,9658.0,0.2,23179.2,18455.62,4723.58,Cash on Delivery,2024,10,2024-10,20.38,20%,0
ORD-100661,2024-10-24,C1150,Cookware Set,Home & Kitchen,South,Hyderabad,2,3858.0,0.15,6558.6,4623.58,1935.02,UPI,2024,10,2024-10,29.5,15%,0
ORD-100662,2024-10-24,C1236,Denim Jacket,Fashion,South,Chennai,3,2928.0,0.2,7027.2,4399.85,2627.35,Credit Card,2024,10,2024-10,37.39,20%,0
ORD-100663,2024-10-25,C1242,Mixer Grinder,Home & Kitchen,North,Delhi,3,4022.0,0.15,10256.1,8243.21,2012.89,Debit Card,2024,10,2024-10,19.63,15%,0
ORD-100664,2024-10-25,C1010,Running Shoes,Fashion,South,Hyderabad,3,3065.0,0.1,8275.5,5174.46,3101.04,UPI,2024,10,2024-10,37.47,10%,0
ORD-100665,2024-10-26,C1350,Tablet,Electronics,North,Chandigarh,3,23106.0,0.0,69318.0,54710.28,14607.72,Credit Card,2024,10,2024-10,21.07,0%,0
ORD-100666,2024-10-26,C1151,Smartphone,Electronics,West,Pune,2,30100.0,0.2,48160.0,44898.55,3261.45,UPI,2024,10,2024-10,6.77,20%,0
ORD-100667,2024-10-26,C1173,Desk Organizer,Stationery,North,Chandigarh,3,672.0,0.1,1814.4,1133.17,681.23,UPI,2024,10,2024-10,37.55,10%,0
ORD-100668,2024-10-26,C1004,Headphones,Electronics,West,Mumbai,3,3727.0,0.05,10621.95,6401.09,4220.86,Debit Card,2024,10,2024-10,39.74,5%,0
ORD-100669,2024-10-27,C1134,Pen Set,Stationery,West,Mumbai,7,298.0,0.25,1564.5,1036.97,527.53,UPI,2024,10,2024-10,33.72,25%,0
ORD-100670,2024-10-27,C1132,Denim Jacket,Fashion,West,Pune,4,2982.0,0.15,10138.8,5965.94,4172.86,Cash on Delivery,2024,10,2024-10,41.16,15%,0
ORD-100671,2024-10-27,C1427,Mixer Grinder,Home & Kitchen,West,Ahmedabad,1,4031.0,0.25,3023.25,2752.95,270.3,UPI,2024,10,2024-10,8.94,25%,0
ORD-100672,2024-10-27,C1165,Laptop,Electronics,East,Kolkata,2,54099.0,0.05,102788.1,89534.63,13253.47,Credit Card,2024,10,2024-10,12.89,5%,0
ORD-100673,2024-10-27,C1066,Running Shoes,Fashion,North,Delhi,3,3455.0,0.1,9328.5,5408.53,3919.97,Net Banking,2024,10,2024-10,42.02,10%,0
ORD-100674,2024-10-28,C1274,Notebook Pack,Stationery,East,Patna,7,479.0,0.2,2682.4,1722.57,959.83,Credit Card,2024,10,2024-10,35.78,20%,0
ORD-100675,2024-10-28,C1444,Desk Organizer,Stationery,East,Bhubaneswar,5,661.0,0.25,2478.75,1916.51,562.24,UPI,2024,10,2024-10,22.68,25%,0
ORD-100676,2024-10-29,C1403,Sofa Set,Furniture,West,Mumbai,2,33596.0,0.15,57113.2,54760.17,2353.03,Credit Card,2024,10,2024-10,4.12,15%,0
ORD-100677,2024-10-29,C1131,Notebook Pack,Stationery,North,Chandigarh,2,468.0,0.1,842.4,502.18,340.22,UPI,2024,10,2024-10,40.39,10%,0
ORD-100678,2024-10-29,C1184,Headphones,Electronics,South,Hyderabad,3,3350.0,0.25,7537.5,6333.81,1203.69,Net Banking,2024,10,2024-10,15.97,25%,0
ORD-100679,2024-10-30,C1314,Backpack,Fashion,South,Chennai,3,1918.0,0.0,5754.0,2699.5,3054.5,Cash on Delivery,2024,10,2024-10,53.08,0%,0
ORD-100680,2024-10-31,C1167,Sunglasses,Fashion,South,Bengaluru,3,1431.0,0.1,3863.7,2049.88,1813.82,Debit Card,2024,10,2024-10,46.95,10%,0
ORD-100681,2024-10-31,C1031,Office Chair,Furniture,West,Ahmedabad,2,8500.0,0.2,13600.0,14042.19,-442.19,Credit Card,2024,10,2024-10,-3.25,20%,1
ORD-100682,2024-10-31,C1097,Smartphone,Electronics,South,Hyderabad,1,29373.0,0.2,23498.4,22467.35,1031.05,Credit Card,2024,10,2024-10,4.39,20%,0
ORD-100683,2024-10-31,C1447,Denim Jacket,Fashion,South,Chennai,3,2898.0,0.1,7824.6,4439.18,3385.42,UPI,2024,10,2024-10,43.27,10%,0
ORD-100684,2024-11-01,C1226,Mixer Grinder,Home & Kitchen,North,Lucknow,3,4532.0,0.25,10197.0,8016.38,2180.62,Credit Card,2024,11,2024-11,21.38,25%,0
ORD-100685,2024-11-01,C1119,Backpack,Fashion,West,Mumbai,1,1935.0,0.25,1451.25,909.17,542.08,Credit Card,2024,11,2024-11,37.35,25%,0
ORD-100686,2024-11-01,C1013,Pen Set,Stationery,West,Mumbai,10,318.0,0.15,2703.0,1488.66,1214.34,UPI,2024,11,2024-11,44.93,15%,0
ORD-100687,2024-11-01,C1187,Laptop,Electronics,West,Pune,3,55170.0,0.15,140683.5,130556.75,10126.75,Net Banking,2024,11,2024-11,7.2,15%,0
ORD-100688,2024-11-02,C1256,Headphones,Electronics,South,Hyderabad,1,3398.0,0.15,2888.3,2188.53,699.77,Credit Card,2024,11,2024-11,24.23,15%,0
ORD-100689,2024-11-02,C1082,Backpack,Fashion,North,Chandigarh,3,1818.0,0.1,4908.6,2745.25,2163.35,Credit Card,2024,11,2024-11,44.07,10%,0
ORD-100690,2024-11-02,C1122,Office Chair,Furniture,South,Hyderabad,1,8125.0,0.2,6500.0,7255.29,-755.29,Credit Card,2024,11,2024-11,-11.62,20%,1
ORD-100691,2024-11-03,C1388,Smartwatch,Electronics,South,Chennai,2,8616.0,0.1,15508.8,12311.11,3197.69,UPI,2024,11,2024-11,20.62,10%,0
ORD-100692,2024-11-03,C1069,Mixer Grinder,Home & Kitchen,South,Hyderabad,2,4348.0,0.1,7826.4,5292.43,2533.97,Net Banking,2024,11,2024-11,32.38,10%,0
ORD-100693,2024-11-04,C1330,Running Shoes,Fashion,West,Mumbai,2,3223.0,0.15,5479.1,3511.1,1968.0,Net Banking,2024,11,2024-11,35.92,15%,0
ORD-100694,2024-11-04,C1352,Pen Set,Stationery,West,Ahmedabad,1,308.0,0.15,261.8,148.09,113.71,Net Banking,2024,11,2024-11,43.43,15%,0
ORD-100695,2024-11-05,C1120,Pen Set,Stationery,West,Ahmedabad,6,320.0,0.25,1440.0,879.5,560.5,UPI,2024,11,2024-11,38.92,25%,0
ORD-100696,2024-11-05,C1251,Running Shoes,Fashion,North,Delhi,4,3186.0,0.05,12106.8,6947.58,5159.22,Debit Card,2024,11,2024-11,42.61,5%,0
ORD-100697,2024-11-05,C1326,Laptop,Electronics,South,Bengaluru,1,54949.0,0.0,54949.0,42924.54,12024.46,UPI,2024,11,2024-11,21.88,0%,0
ORD-100698,2024-11-05,C1306,Desk Organizer,Stationery,West,Pune,10,654.0,0.2,5232.0,3702.49,1529.51,Debit Card,2024,11,2024-11,29.23,20%,0
ORD-100699,2024-11-06,C1132,Notebook Pack,Stationery,West,Pune,10,457.0,0.25,3427.5,2503.68,923.82,Net Banking,2024,11,2024-11,26.95,25%,0
ORD-100700,2024-11-06,C1107,Backpack,Fashion,West,Mumbai,1,1877.0,0.05,1783.15,895.27,887.88,Debit Card,2024,11,2024-11,49.79,5%,0
ORD-100701,2024-11-07,C1108,Cookware Set,Home & Kitchen,West,Mumbai,1,4043.0,0.05,3840.85,2321.61,1519.24,UPI,2024,11,2024-11,39.55,5%,0
ORD-100702,2024-11-07,C1101,Backpack,Fashion,West,Mumbai,2,1871.0,0.1,3367.8,1848.07,1519.73,UPI,2024,11,2024-11,45.13,10%,0
ORD-100703,2024-11-07,C1262,Headphones,Electronics,East,Kolkata,2,3644.0,0.1,6559.2,4354.08,2205.12,Debit Card,2024,11,2024-11,33.62,10%,0
ORD-100704,2024-11-08,C1202,Desk Organizer,Stationery,South,Bengaluru,3,672.0,0.1,1814.4,1114.24,700.16,Cash on Delivery,2024,11,2024-11,38.59,10%,0
ORD-100705,2024-11-08,C1354,Tablet,Electronics,East,Kolkata,2,21319.0,0.25,31978.5,37817.36,-5838.86,UPI,2024,11,2024-11,-18.26,25%,1
ORD-100706,2024-11-09,C1269,Air Fryer,Home & Kitchen,West,Pune,3,6460.0,0.2,15504.0,13056.38,2447.62,UPI,2024,11,2024-11,15.79,20%,0
ORD-100707,2024-11-09,C1120,Pen Set,Stationery,West,Ahmedabad,5,288.0,0.05,1368.0,750.32,617.68,UPI,2024,11,2024-11,45.15,5%,0
ORD-100708,2024-11-10,C1315,Tablet,Electronics,South,Bengaluru,2,22464.0,0.15,38188.8,37362.86,825.94,UPI,2024,11,2024-11,2.16,15%,0
ORD-100709,2024-11-10,C1090,Notebook Pack,Stationery,East,Bhubaneswar,8,442.0,0.15,3005.6,1925.22,1080.38,UPI,2024,11,2024-11,35.95,15%,0
ORD-100710,2024-11-10,C1333,Backpack,Fashion,South,Hyderabad,4,1819.0,0.05,6912.2,3619.17,3293.03,Debit Card,2024,11,2024-11,47.64,5%,0
ORD-100711,2024-11-10,C1021,Laptop,Electronics,West,Pune,3,54118.0,0.0,162354.0,133173.9,29180.1,Debit Card,2024,11,2024-11,17.97,0%,0
ORD-100712,2024-11-10,C1426,Desk Organizer,Stationery,West,Ahmedabad,1,641.0,0.1,576.9,381.72,195.18,UPI,2024,11,2024-11,33.83,10%,0
ORD-100713,2024-11-11,C1134,Running Shoes,Fashion,West,Mumbai,2,3131.0,0.15,5322.7,3606.76,1715.94,UPI,2024,11,2024-11,32.24,15%,0
ORD-100714,2024-11-12,C1173,Headphones,Electronics,North,Chandigarh,3,3623.0,0.0,10869.0,6689.06,4179.94,UPI,2024,11,2024-11,38.46,0%,0
ORD-100715,2024-11-12,C1278,Running Shoes,Fashion,North,Delhi,2,3433.0,0.05,6522.7,3545.09,2977.61,Net Banking,2024,11,2024-11,45.65,5%,0
ORD-100716,2024-11-12,C1163,Backpack,Fashion,South,Hyderabad,3,1940.0,0.1,5238.0,2760.49,2477.51,Cash on Delivery,2024,11,2024-11,47.3,10%,0
ORD-100717,2024-11-13,C1398,Desk Organizer,Stationery,East,Kolkata,9,622.0,0.15,4758.3,3371.48,1386.82,Net Banking,2024,11,2024-11,29.15,15%,0
ORD-100718,2024-11-13,C1380,Sunglasses,Fashion,South,Chennai,4,1463.0,0.1,5266.8,2619.77,2647.03,Debit Card,2024,11,2024-11,50.26,10%,0
ORD-100719,2024-11-14,C1248,Bookshelf,Furniture,South,Hyderabad,2,5275.0,0.1,9495.0,8433.14,1061.86,UPI,2024,11,2024-11,11.18,10%,0
ORD-100720,2024-11-14,C1277,Tablet,Electronics,North,Delhi,1,21380.0,0.15,18173.0,18715.34,-542.34,Credit Card,2024,11,2024-11,-2.98,15%,1
ORD-100721,2024-11-15,C1420,Office Chair,Furniture,West,Pune,2,8532.0,0.15,14504.4,14377.63,126.77,Cash on Delivery,2024,11,2024-11,0.87,15%,0
ORD-100722,2024-11-15,C1376,Smartphone,Electronics,East,Patna,1,29067.0,0.05,27613.65,22415.58,5198.07,Cash on Delivery,2024,11,2024-11,18.82,5%,0
ORD-100723,2024-11-15,C1116,Headphones,Electronics,West,Mumbai,3,3639.0,0.2,8733.6,6514.02,2219.58,Net Banking,2024,11,2024-11,25.41,20%,0
ORD-100724,2024-11-15,C1021,Headphones,Electronics,West,Pune,3,3615.0,0.15,9218.25,6320.21,2898.04,Debit Card,2024,11,2024-11,31.44,15%,0
ORD-100725,2024-11-16,C1377,Pen Set,Stationery,East,Bhubaneswar,5,322.0,0.1,1449.0,767.83,681.17,Cash on Delivery,2024,11,2024-11,47.01,10%,0
ORD-100726,2024-11-16,C1343,Desk Organizer,Stationery,South,Chennai,10,635.0,0.25,4762.5,3807.58,954.92,Net Banking,2024,11,2024-11,20.05,25%,0
ORD-100727,2024-11-18,C1425,Sunglasses,Fashion,East,Patna,2,1443.0,0.1,2597.4,1320.46,1276.94,Credit Card,2024,11,2024-11,49.16,10%,0
ORD-100728,2024-11-18,C1428,Tablet,Electronics,West,Ahmedabad,3,22500.0,0.05,64125.0,54504.44,9620.56,Debit Card,2024,11,2024-11,15.0,5%,0
ORD-100729,2024-11-19,C1242,Cookware Set,Home & Kitchen,North,Delhi,2,4013.0,0.25,6019.5,4620.11,1399.39,Debit Card,2024,11,2024-11,23.25,25%,0
ORD-100730,2024-11-20,C1002,Running Shoes,Fashion,West,Pune,4,3140.0,0.2,10048.0,6968.62,3079.38,Debit Card,2024,11,2024-11,30.65,20%,0
ORD-100731,2024-11-20,C1118,Smartwatch,Electronics,South,Bengaluru,1,9658.0,0.1,8692.2,6257.29,2434.91,Debit Card,2024,11,2024-11,28.01,10%,0
ORD-100732,2024-11-20,C1264,Desk Organizer,Stationery,South,Bengaluru,5,667.0,0.15,2834.75,1864.57,970.18,UPI,2024,11,2024-11,34.22,15%,0
ORD-100733,2024-11-20,C1190,Pen Set,Stationery,South,Bengaluru,10,304.0,0.05,2888.0,1491.96,1396.04,Net Banking,2024,11,2024-11,48.34,5%,0
ORD-100734,2024-11-21,C1419,Denim Jacket,Fashion,North,Delhi,1,2736.0,0.25,2052.0,1460.33,591.67,Debit Card,2024,11,2024-11,28.83,25%,0
ORD-100735,2024-11-21,C1336,Running Shoes,Fashion,South,Hyderabad,4,3418.0,0.15,11621.2,7072.58,4548.62,UPI,2024,11,2024-11,39.14,15%,0
ORD-100736,2024-11-21,C1396,Cookware Set,Home & Kitchen,East,Kolkata,3,3929.0,0.15,10018.95,6945.04,3073.91,Cash on Delivery,2024,11,2024-11,30.68,15%,0
ORD-100737,2024-11-21,C1056,Headphones,Electronics,North,Lucknow,3,3513.0,0.1,9485.1,6523.13,2961.97,UPI,2024,11,2024-11,31.23,10%,0
ORD-100738,2024-11-21,C1444,Denim Jacket,Fashion,East,Bhubaneswar,1,2838.0,0.05,2696.1,1497.8,1198.3,Cash on Delivery,2024,11,2024-11,44.45,5%,0
ORD-100739,2024-11-22,C1274,Tablet,Electronics,East,Patna,2,21120.0,0.2,33792.0,38386.41,-4594.41,UPI,2024,11,2024-11,-13.6,20%,1
ORD-100740,2024-11-22,C1047,Denim Jacket,Fashion,South,Hyderabad,3,2783.0,0.05,7931.55,4496.48,3435.07,UPI,2024,11,2024-11,43.31,5%,0
ORD-100741,2024-11-22,C1037,Pen Set,Stationery,East,Kolkata,4,306.0,0.05,1162.8,588.47,574.33,Debit Card,2024,11,2024-11,49.39,5%,0
ORD-100742,2024-11-23,C1313,Cookware Set,Home & Kitchen,North,Chandigarh,2,3623.0,0.2,5796.8,4587.59,1209.21,Credit Card,2024,11,2024-11,20.86,20%,0
ORD-100743,2024-11-23,C1117,Bookshelf,Furniture,North,Chandigarh,1,5902.0,0.25,4426.5,4311.2,115.3,UPI,2024,11,2024-11,2.6,25%,0
ORD-100744,2024-11-24,C1325,Running Shoes,Fashion,South,Bengaluru,3,3197.0,0.2,7672.8,5183.49,2489.31,Cash on Delivery,2024,11,2024-11,32.44,20%,0
ORD-100745,2024-11-24,C1185,Running Shoes,Fashion,South,Hyderabad,1,3331.0,0.15,2831.35,1802.54,1028.81,Net Banking,2024,11,2024-11,36.34,15%,0
ORD-100746,2024-11-24,C1116,Notebook Pack,Stationery,West,Mumbai,7,452.0,0.0,3164.0,1760.54,1403.46,UPI,2024,11,2024-11,44.36,0%,0
ORD-100747,2024-11-25,C1116,Study Desk,Furniture,West,Mumbai,2,7401.0,0.15,12581.7,11824.11,757.59,UPI,2024,11,2024-11,6.02,15%,0
ORD-100748,2024-11-25,C1043,Notebook Pack,Stationery,West,Pune,4,458.0,0.15,1557.2,1012.91,544.29,Debit Card,2024,11,2024-11,34.95,15%,0
ORD-100749,2024-11-25,C1391,Desk Organizer,Stationery,East,Bhubaneswar,8,636.0,0.1,4579.2,3025.59,1553.61,UPI,2024,11,2024-11,33.93,10%,0
ORD-100750,2024-11-26,C1172,Tablet,Electronics,North,Lucknow,1,22822.0,0.25,17116.5,18366.11,-1249.61,Credit Card,2024,11,2024-11,-7.3,25%,1
ORD-100751,2024-11-26,C1309,Desk Organizer,Stationery,West,Pune,2,668.0,0.25,1002.0,759.68,242.32,Credit Card,2024,11,2024-11,24.18,25%,0
ORD-100752,2024-11-26,C1173,Backpack,Fashion,North,Chandigarh,3,1770.0,0.15,4513.5,2624.5,1889.0,Credit Card,2024,11,2024-11,41.85,15%,0
ORD-100753,2024-11-26,C1168,Pen Set,Stationery,West,Pune,5,301.0,0.15,1279.25,765.75,513.5,UPI,2024,11,2024-11,40.14,15%,0
ORD-100754,2024-11-26,C1406,Pen Set,Stationery,West,Mumbai,7,305.0,0.05,2028.25,1046.72,981.53,UPI,2024,11,2024-11,48.39,5%,0
ORD-100755,2024-11-26,C1442,Laptop,Electronics,North,Lucknow,3,54103.0,0.1,146078.1,131190.27,14887.83,UPI,2024,11,2024-11,10.19,10%,0
ORD-100756,2024-11-27,C1432,Mixer Grinder,Home & Kitchen,South,Bengaluru,2,4224.0,0.15,7180.8,5410.56,1770.24,UPI,2024,11,2024-11,24.65,15%,0
ORD-100757,2024-11-27,C1382,Smartphone,Electronics,South,Hyderabad,1,28689.0,0.1,25820.1,23350.71,2469.39,UPI,2024,11,2024-11,9.56,10%,0
ORD-100758,2024-11-27,C1120,Pen Set,Stationery,West,Ahmedabad,5,290.0,0.05,1377.5,770.22,607.28,Debit Card,2024,11,2024-11,44.09,5%,0
ORD-100759,2024-11-27,C1096,Tablet,Electronics,South,Hyderabad,1,23542.0,0.0,23542.0,19177.29,4364.71,Credit Card,2024,11,2024-11,18.54,0%,0
ORD-100760,2024-11-27,C1167,Air Fryer,Home & Kitchen,South,Bengaluru,2,6225.0,0.25,9337.5,8510.27,827.23,Cash on Delivery,2024,11,2024-11,8.86,25%,0
ORD-100761,2024-11-27,C1070,Smartwatch,Electronics,West,Ahmedabad,2,8636.0,0.1,15544.8,12326.62,3218.18,Debit Card,2024,11,2024-11,20.7,10%,0
ORD-100762,2024-11-27,C1308,Notebook Pack,Stationery,North,Chandigarh,4,439.0,0.05,1668.2,1005.41,662.79,Credit Card,2024,11,2024-11,39.73,5%,0
ORD-100763,2024-11-28,C1039,Running Shoes,Fashion,South,Bengaluru,2,3384.0,0.25,5076.0,3611.68,1464.32,UPI,2024,11,2024-11,28.85,25%,0
ORD-100764,2024-11-28,C1157,Cookware Set,Home & Kitchen,West,Ahmedabad,3,3851.0,0.25,8664.75,6932.81,1731.94,UPI,2024,11,2024-11,19.99,25%,0
ORD-100765,2024-11-29,C1186,Running Shoes,Fashion,West,Pune,4,3351.0,0.1,12063.6,7079.37,4984.23,Credit Card,2024,11,2024-11,41.32,10%,0
ORD-100766,2024-11-29,C1047,Backpack,Fashion,South,Hyderabad,4,1749.0,0.25,5247.0,3567.46,1679.54,UPI,2024,11,2024-11,32.01,25%,0
ORD-100767,2024-11-30,C1427,Cookware Set,Home & Kitchen,West,Ahmedabad,3,3837.0,0.1,10359.9,6911.26,3448.64,UPI,2024,11,2024-11,33.29,10%,0
ORD-100768,2024-11-30,C1155,Laptop,Electronics,South,Bengaluru,1,57289.0,0.05,54424.55,43904.98,10519.57,Debit Card,2024,11,2024-11,19.33,5%,0
ORD-100769,2024-12-01,C1310,Headphones,Electronics,South,Bengaluru,2,3629.0,0.25,5443.5,4442.78,1000.72,UPI,2024,12,2024-12,18.38,25%,0
ORD-100770,2024-12-01,C1138,Laptop,Electronics,North,Delhi,2,53714.0,0.1,96685.2,90210.97,6474.23,Net Banking,2024,12,2024-12,6.7,10%,0
ORD-100771,2024-12-01,C1190,Bookshelf,Furniture,South,Bengaluru,1,5251.0,0.0,5251.0,4402.9,848.1,Net Banking,2024,12,2024-12,16.15,0%,0
ORD-100772,2024-12-01,C1313,Tablet,Electronics,North,Chandigarh,2,22525.0,0.15,38292.5,37345.36,947.14,UPI,2024,12,2024-12,2.47,15%,0
ORD-100773,2024-12-02,C1038,Mixer Grinder,Home & Kitchen,South,Hyderabad,1,4309.0,0.1,3878.1,2740.91,1137.19,UPI,2024,12,2024-12,29.32,10%,0
ORD-100774,2024-12-02,C1329,Running Shoes,Fashion,East,Bhubaneswar,1,3108.0,0.1,2797.2,1778.15,1019.05,UPI,2024,12,2024-12,36.43,10%,0
ORD-100775,2024-12-03,C1225,Notebook Pack,Stationery,North,Chandigarh,8,464.0,0.0,3712.0,1926.63,1785.37,Cash on Delivery,2024,12,2024-12,48.1,0%,0
ORD-100776,2024-12-03,C1362,Pen Set,Stationery,West,Pune,2,293.0,0.1,527.4,305.33,222.07,Debit Card,2024,12,2024-12,42.11,10%,0
ORD-100777,2024-12-04,C1403,Headphones,Electronics,West,Mumbai,3,3398.0,0.2,8155.2,6503.99,1651.21,UPI,2024,12,2024-12,20.25,20%,0
ORD-100778,2024-12-05,C1442,Sunglasses,Fashion,North,Lucknow,1,1448.0,0.15,1230.8,668.29,562.51,UPI,2024,12,2024-12,45.7,15%,0
ORD-100779,2024-12-05,C1244,Denim Jacket,Fashion,South,Chennai,4,2735.0,0.1,9846.0,5850.71,3995.29,Debit Card,2024,12,2024-12,40.58,10%,0
ORD-100780,2024-12-06,C1181,Notebook Pack,Stationery,North,Delhi,5,452.0,0.05,2147.0,1242.43,904.57,UPI,2024,12,2024-12,42.13,5%,0
ORD-100781,2024-12-06,C1078,Bookshelf,Furniture,West,Ahmedabad,1,5501.0,0.1,4950.9,4271.82,679.08,Credit Card,2024,12,2024-12,13.72,10%,0
ORD-100782,2024-12-06,C1193,Air Fryer,Home & Kitchen,South,Hyderabad,3,6553.0,0.1,17693.1,12530.9,5162.2,Credit Card,2024,12,2024-12,29.18,10%,0
ORD-100783,2024-12-06,C1339,Sunglasses,Fashion,West,Pune,4,1617.0,0.05,6144.6,2646.45,3498.15,Credit Card,2024,12,2024-12,56.93,5%,0
ORD-100784,2024-12-07,C1420,Notebook Pack,Stationery,West,Pune,8,476.0,0.0,3808.0,2005.25,1802.75,Cash on Delivery,2024,12,2024-12,47.34,0%,0
ORD-100785,2024-12-07,C1307,Air Fryer,Home & Kitchen,East,Patna,2,6598.0,0.0,13196.0,8368.32,4827.68,Net Banking,2024,12,2024-12,36.58,0%,0
ORD-100786,2024-12-07,C1384,Desk Organizer,Stationery,South,Hyderabad,7,646.0,0.0,4522.0,2604.19,1917.81,Net Banking,2024,12,2024-12,42.41,0%,0
ORD-100787,2024-12-07,C1435,Air Fryer,Home & Kitchen,West,Pune,1,6465.0,0.15,5495.25,4221.53,1273.72,Cash on Delivery,2024,12,2024-12,23.18,15%,0
ORD-100788,2024-12-07,C1005,Sunglasses,Fashion,West,Ahmedabad,3,1430.0,0.2,3432.0,2042.65,1389.35,Debit Card,2024,12,2024-12,40.48,20%,0
ORD-100789,2024-12-07,C1186,Notebook Pack,Stationery,West,Pune,5,474.0,0.0,2370.0,1257.11,1112.89,UPI,2024,12,2024-12,46.96,0%,0
ORD-100790,2024-12-08,C1182,Sofa Set,Furniture,North,Delhi,2,33993.0,0.0,67986.0,54821.8,13164.2,Debit Card,2024,12,2024-12,19.36,0%,0
ORD-100791,2024-12-08,C1355,Headphones,Electronics,East,Patna,2,3754.0,0.0,7508.0,4463.45,3044.55,UPI,2024,12,2024-12,40.55,0%,0
ORD-100792,2024-12-08,C1428,Smartphone,Electronics,West,Ahmedabad,1,29849.0,0.1,26864.1,23030.85,3833.25,Cash on Delivery,2024,12,2024-12,14.27,10%,0
ORD-100793,2024-12-08,C1295,Air Fryer,Home & Kitchen,North,Lucknow,1,6888.0,0.05,6543.6,4261.61,2281.99,Credit Card,2024,12,2024-12,34.87,5%,0
ORD-100794,2024-12-08,C1162,Backpack,Fashion,North,Lucknow,3,1815.0,0.15,4628.25,2686.48,1941.77,UPI,2024,12,2024-12,41.95,15%,0
ORD-100795,2024-12-08,C1104,Study Desk,Furniture,East,Kolkata,1,7899.0,0.0,7899.0,6111.85,1787.15,UPI,2024,12,2024-12,22.63,0%,0
ORD-100796,2024-12-09,C1372,Smartwatch,Electronics,South,Bengaluru,2,9194.0,0.15,15629.8,12855.66,2774.14,Cash on Delivery,2024,12,2024-12,17.75,15%,0
ORD-100797,2024-12-09,C1358,Smartphone,Electronics,South,Bengaluru,2,29180.0,0.2,46688.0,45656.06,1031.94,Cash on Delivery,2024,12,2024-12,2.21,20%,0
ORD-100798,2024-12-09,C1233,Mixer Grinder,Home & Kitchen,East,Kolkata,1,4077.0,0.2,3261.6,2697.14,564.46,UPI,2024,12,2024-12,17.31,20%,0
ORD-100799,2024-12-10,C1348,Laptop,Electronics,South,Hyderabad,3,53408.0,0.1,144201.6,130252.58,13949.02,Credit Card,2024,12,2024-12,9.67,10%,0
ORD-100800,2024-12-10,C1426,Office Chair,Furniture,West,Ahmedabad,2,9025.0,0.0,18050.0,14304.69,3745.31,Credit Card,2024,12,2024-12,20.75,0%,0
ORD-100801,2024-12-11,C1174,Desk Organizer,Stationery,North,Chandigarh,7,665.0,0.0,4655.0,2646.99,2008.01,UPI,2024,12,2024-12,43.14,0%,0
ORD-100802,2024-12-11,C1164,Mixer Grinder,Home & Kitchen,West,Pune,3,4518.0,0.05,12876.3,7887.97,4988.33,Net Banking,2024,12,2024-12,38.74,5%,0
ORD-100803,2024-12-11,C1310,Notebook Pack,Stationery,South,Bengaluru,8,471.0,0.1,3391.2,1925.12,1466.08,UPI,2024,12,2024-12,43.23,10%,0
ORD-100804,2024-12-13,C1331,Pen Set,Stationery,South,Bengaluru,3,294.0,0.0,882.0,462.12,419.88,UPI,2024,12,2024-12,47.61,0%,0
ORD-100805,2024-12-13,C1083,Office Chair,Furniture,South,Hyderabad,1,8083.0,0.25,6062.25,7072.27,-1010.02,Credit Card,2024,12,2024-12,-16.66,25%,1
ORD-100806,2024-12-13,C1245,Cookware Set,Home & Kitchen,West,Mumbai,1,3977.0,0.1,3579.3,2294.85,1284.45,Debit Card,2024,12,2024-12,35.89,10%,0
ORD-100807,2024-12-14,C1318,Notebook Pack,Stationery,South,Bengaluru,9,474.0,0.1,3839.4,2259.18,1580.22,UPI,2024,12,2024-12,41.16,10%,0
ORD-100808,2024-12-14,C1136,Pen Set,Stationery,North,Chandigarh,2,295.0,0.2,472.0,295.45,176.55,Credit Card,2024,12,2024-12,37.4,20%,0
ORD-100809,2024-12-14,C1404,Running Shoes,Fashion,West,Ahmedabad,4,3229.0,0.15,10978.6,7094.03,3884.57,Cash on Delivery,2024,12,2024-12,35.38,15%,0
ORD-100810,2024-12-14,C1177,Notebook Pack,Stationery,West,Pune,7,483.0,0.1,3042.9,1682.87,1360.03,UPI,2024,12,2024-12,44.7,10%,0
ORD-100811,2024-12-15,C1071,Mixer Grinder,Home & Kitchen,East,Patna,1,4309.0,0.1,3878.1,2607.66,1270.44,Net Banking,2024,12,2024-12,32.76,10%,0
ORD-100812,2024-12-15,C1063,Running Shoes,Fashion,South,Bengaluru,2,3222.0,0.05,6121.8,3549.02,2572.78,Credit Card,2024,12,2024-12,42.03,5%,0
ORD-100813,2024-12-15,C1391,Smartphone,Electronics,East,Bhubaneswar,1,28262.0,0.15,24022.7,23180.63,842.07,Debit Card,2024,12,2024-12,3.51,15%,0
ORD-100814,2024-12-16,C1181,Denim Jacket,Fashion,North,Delhi,1,2855.0,0.0,2855.0,1438.44,1416.56,Cash on Delivery,2024,12,2024-12,49.62,0%,0
ORD-100815,2024-12-17,C1185,Air Fryer,Home & Kitchen,South,Hyderabad,1,6363.0,0.0,6363.0,4203.09,2159.91,UPI,2024,12,2024-12,33.94,0%,0
ORD-100816,2024-12-18,C1287,Cookware Set,Home & Kitchen,West,Ahmedabad,3,3644.0,0.0,10932.0,6894.93,4037.07,Credit Card,2024,12,2024-12,36.93,0%,0
ORD-100817,2024-12-18,C1081,Air Fryer,Home & Kitchen,East,Kolkata,1,6789.0,0.1,6110.1,4211.78,1898.32,Debit Card,2024,12,2024-12,31.07,10%,0
ORD-100818,2024-12-19,C1024,Running Shoes,Fashion,North,Chandigarh,4,3166.0,0.2,10131.2,7002.47,3128.73,Net Banking,2024,12,2024-12,30.88,20%,0
ORD-100819,2024-12-19,C1228,Backpack,Fashion,West,Mumbai,4,1711.0,0.0,6844.0,3595.41,3248.59,UPI,2024,12,2024-12,47.47,0%,0
ORD-100820,2024-12-19,C1238,Running Shoes,Fashion,West,Pune,3,3046.0,0.0,9138.0,5435.11,3702.89,UPI,2024,12,2024-12,40.52,0%,0
ORD-100821,2024-12-20,C1144,Sofa Set,Furniture,West,Ahmedabad,2,31978.0,0.0,63956.0,54908.79,9047.21,Debit Card,2024,12,2024-12,14.15,0%,0
ORD-100822,2024-12-20,C1426,Sofa Set,Furniture,West,Ahmedabad,2,34475.0,0.0,68950.0,54524.23,14425.77,UPI,2024,12,2024-12,20.92,0%,0
ORD-100823,2024-12-20,C1218,Smartwatch,Electronics,West,Pune,3,9210.0,0.0,27630.0,18648.96,8981.04,Cash on Delivery,2024,12,2024-12,32.5,0%,0
ORD-100824,2024-12-21,C1037,Pen Set,Stationery,East,Kolkata,5,311.0,0.05,1477.25,758.5,718.75,Credit Card,2024,12,2024-12,48.65,5%,0
ORD-100825,2024-12-21,C1033,Pen Set,Stationery,East,Bhubaneswar,7,299.0,0.0,2093.0,1026.52,1066.48,Debit Card,2024,12,2024-12,50.95,0%,0
ORD-100826,2024-12-21,C1301,Notebook Pack,Stationery,North,Delhi,10,473.0,0.1,4257.0,2420.91,1836.09,Credit Card,2024,12,2024-12,43.13,10%,0
ORD-100827,2024-12-21,C1389,Notebook Pack,Stationery,North,Delhi,8,442.0,0.15,3005.6,1951.08,1054.52,UPI,2024,12,2024-12,35.09,15%,0
ORD-100828,2024-12-22,C1225,Notebook Pack,Stationery,North,Chandigarh,2,447.0,0.0,894.0,481.2,412.8,Debit Card,2024,12,2024-12,46.17,0%,0
ORD-100829,2024-12-22,C1068,Backpack,Fashion,East,Patna,3,1794.0,0.0,5382.0,2663.76,2718.24,Credit Card,2024,12,2024-12,50.51,0%,0
ORD-100830,2024-12-23,C1154,Tablet,Electronics,North,Delhi,1,22267.0,0.05,21153.65,18283.32,2870.33,UPI,2024,12,2024-12,13.57,5%,0
ORD-100831,2024-12-23,C1157,Laptop,Electronics,West,Ahmedabad,2,57389.0,0.15,97561.3,89138.76,8422.54,UPI,2024,12,2024-12,8.63,15%,0
ORD-100832,2024-12-23,C1089,Laptop,Electronics,East,Bhubaneswar,1,52651.0,0.1,47385.9,42784.62,4601.28,Net Banking,2024,12,2024-12,9.71,10%,0
ORD-100833,2024-12-23,C1326,Backpack,Fashion,South,Bengaluru,3,1886.0,0.2,4526.4,2779.42,1746.98,UPI,2024,12,2024-12,38.6,20%,0
ORD-100834,2024-12-24,C1163,Headphones,Electronics,South,Hyderabad,2,3427.0,0.1,6168.6,4308.33,1860.27,Credit Card,2024,12,2024-12,30.16,10%,0
ORD-100835,2024-12-25,C1122,Notebook Pack,Stationery,South,Hyderabad,8,459.0,0.15,3121.2,1996.58,1124.62,UPI,2024,12,2024-12,36.03,15%,0
ORD-100836,2024-12-25,C1077,Air Fryer,Home & Kitchen,North,Chandigarh,2,6787.0,0.1,12216.6,8529.28,3687.32,Debit Card,2024,12,2024-12,30.18,10%,0
ORD-100837,2024-12-25,C1349,Pen Set,Stationery,North,Delhi,6,306.0,0.05,1744.2,915.61,828.59,Net Banking,2024,12,2024-12,47.51,5%,0
ORD-100838,2024-12-25,C1106,Headphones,Electronics,West,Pune,3,3448.0,0.0,10344.0,6468.02,3875.98,UPI,2024,12,2024-12,37.47,0%,0
ORD-100839,2024-12-26,C1047,Sunglasses,Fashion,South,Hyderabad,1,1478.0,0.05,1404.1,671.82,732.28,Debit Card,2024,12,2024-12,52.15,5%,0
ORD-100840,2024-12-26,C1251,Desk Organizer,Stationery,North,Delhi,7,624.0,0.0,4368.0,2713.18,1654.82,Debit Card,2024,12,2024-12,37.89,0%,0
ORD-100841,2024-12-26,C1303,Notebook Pack,Stationery,North,Chandigarh,6,438.0,0.15,2233.8,1517.64,716.16,UPI,2024,12,2024-12,32.06,15%,0
ORD-100842,2024-12-27,C1071,Sunglasses,Fashion,East,Patna,2,1612.0,0.0,3224.0,1368.36,1855.64,UPI,2024,12,2024-12,57.56,0%,0
ORD-100843,2024-12-27,C1295,Mixer Grinder,Home & Kitchen,North,Lucknow,3,4169.0,0.2,10005.6,8235.8,1769.8,UPI,2024,12,2024-12,17.69,20%,0
ORD-100844,2024-12-27,C1249,Cookware Set,Home & Kitchen,South,Chennai,3,3903.0,0.05,11123.55,6881.15,4242.4,UPI,2024,12,2024-12,38.14,5%,0
ORD-100845,2024-12-27,C1081,Running Shoes,Fashion,East,Kolkata,3,3157.0,0.0,9471.0,5369.32,4101.68,Credit Card,2024,12,2024-12,43.31,0%,0
ORD-100846,2024-12-28,C1353,Laptop,Electronics,West,Pune,1,58753.0,0.2,47002.4,44852.76,2149.64,Cash on Delivery,2024,12,2024-12,4.57,20%,0
ORD-100847,2024-12-28,C1433,Sunglasses,Fashion,East,Bhubaneswar,2,1610.0,0.2,2576.0,1373.69,1202.31,Debit Card,2024,12,2024-12,46.67,20%,0
ORD-100848,2024-12-29,C1173,Pen Set,Stationery,North,Chandigarh,4,301.0,0.1,1083.6,608.56,475.04,Net Banking,2024,12,2024-12,43.84,10%,0
ORD-100849,2024-12-29,C1323,Pen Set,Stationery,South,Hyderabad,6,322.0,0.25,1449.0,876.47,572.53,Credit Card,2024,12,2024-12,39.51,25%,0
ORD-100850,2024-12-30,C1252,Headphones,Electronics,South,Hyderabad,1,3502.0,0.0,3502.0,2189.28,1312.72,Debit Card,2024,12,2024-12,37.48,0%,0
ORD-100851,2024-12-31,C1310,Smartwatch,Electronics,South,Bengaluru,2,8759.0,0.0,17518.0,12674.9,4843.1,Debit Card,2024,12,2024-12,27.65,0%,0
ORD-100852,2024-12-31,C1363,Sunglasses,Fashion,West,Pune,1,1540.0,0.15,1309.0,694.3,614.7,Credit Card,2024,12,2024-12,46.96,15%,0
ORD-100853,2024-12-31,C1060,Headphones,Electronics,South,Bengaluru,2,3597.0,0.0,7194.0,4439.5,2754.5,Cash on Delivery,2024,12,2024-12,38.29,0%,0
ORD-100854,2024-12-31,C1095,Office Chair,Furniture,South,Chennai,2,8311.0,0.05,15790.9,14582.65,1208.25,Credit Card,2024,12,2024-12,7.65,5%,0
ORD-100855,2025-01-01,C1210,Smartphone,Electronics,South,Chennai,3,26929.0,0.05,76747.65,69493.11,7254.54,Credit Card,2025,1,2025-01,9.45,5%,0
ORD-100856,2025-01-01,C1009,Pen Set,Stationery,East,Bhubaneswar,5,315.0,0.0,1575.0,741.19,833.81,Net Banking,2025,1,2025-01,52.94,0%,0
ORD-100857,2025-01-02,C1078,Air Fryer,Home & Kitchen,West,Ahmedabad,1,6590.0,0.2,5272.0,4324.57,947.43,UPI,2025,1,2025-01,17.97,20%,0
ORD-100858,2025-01-02,C1069,Backpack,Fashion,South,Hyderabad,3,1721.0,0.1,4646.7,2744.86,1901.84,UPI,2025,1,2025-01,40.93,10%,0
ORD-100859,2025-01-02,C1317,Notebook Pack,Stationery,South,Bengaluru,3,471.0,0.05,1342.35,725.56,616.79,UPI,2025,1,2025-01,45.95,5%,0
ORD-100860,2025-01-03,C1143,Bookshelf,Furniture,West,Mumbai,1,5350.0,0.0,5350.0,4393.34,956.66,Debit Card,2025,1,2025-01,17.88,0%,0
ORD-100861,2025-01-03,C1426,Running Shoes,Fashion,West,Ahmedabad,4,3139.0,0.15,10672.6,7015.88,3656.72,UPI,2025,1,2025-01,34.26,15%,0
ORD-100862,2025-01-03,C1223,Running Shoes,Fashion,West,Ahmedabad,2,3298.0,0.05,6266.2,3505.49,2760.71,UPI,2025,1,2025-01,44.06,5%,0
ORD-100863,2025-01-04,C1099,Backpack,Fashion,South,Hyderabad,4,1913.0,0.05,7269.4,3653.4,3616.0,UPI,2025,1,2025-01,49.74,5%,0
ORD-100864,2025-01-04,C1195,Running Shoes,Fashion,North,Chandigarh,3,3235.0,0.15,8249.25,5426.62,2822.63,UPI,2025,1,2025-01,34.22,15%,0
ORD-100865,2025-01-04,C1272,Running Shoes,Fashion,West,Mumbai,1,3157.0,0.25,2367.75,1792.69,575.06,Cash on Delivery,2025,1,2025-01,24.29,25%,0
ORD-100866,2025-01-05,C1010,Tablet,Electronics,South,Hyderabad,1,22151.0,0.2,17720.8,18294.2,-573.4,UPI,2025,1,2025-01,-3.24,20%,1
ORD-100867,2025-01-05,C1342,Smartphone,Electronics,North,Lucknow,2,29461.0,0.0,58922.0,46535.2,12386.8,Credit Card,2025,1,2025-01,21.02,0%,0
ORD-100868,2025-01-05,C1132,Headphones,Electronics,West,Pune,3,3553.0,0.05,10126.05,6693.48,3432.57,Credit Card,2025,1,2025-01,33.9,5%,0
ORD-100869,2025-01-05,C1302,Running Shoes,Fashion,East,Patna,3,3311.0,0.1,8939.7,5198.83,3740.87,UPI,2025,1,2025-01,41.85,10%,0
ORD-100870,2025-01-06,C1248,Cookware Set,Home & Kitchen,South,Hyderabad,1,3792.0,0.0,3792.0,2280.75,1511.25,UPI,2025,1,2025-01,39.85,0%,0
ORD-100871,2025-01-07,C1237,Pen Set,Stationery,South,Hyderabad,9,319.0,0.15,2440.35,1314.08,1126.27,UPI,2025,1,2025-01,46.15,15%,0
ORD-100872,2025-01-07,C1016,Smartphone,Electronics,West,Ahmedabad,2,29945.0,0.1,53901.0,46264.7,7636.3,Credit Card,2025,1,2025-01,14.17,10%,0
ORD-100873,2025-01-07,C1286,Sunglasses,Fashion,North,Lucknow,2,1586.0,0.15,2696.2,1332.26,1363.94,Cash on Delivery,2025,1,2025-01,50.59,15%,0
ORD-100874,2025-01-08,C1173,Laptop,Electronics,North,Chandigarh,2,58557.0,0.0,117114.0,86106.27,31007.73,UPI,2025,1,2025-01,26.48,0%,0
ORD-100875,2025-01-08,C1420,Denim Jacket,Fashion,West,Pune,2,2964.0,0.25,4446.0,2936.86,1509.14,Net Banking,2025,1,2025-01,33.94,25%,0
ORD-100876,2025-01-08,C1217,Office Chair,Furniture,West,Pune,1,8108.0,0.0,8108.0,7228.02,879.98,UPI,2025,1,2025-01,10.85,0%,0
ORD-100877,2025-01-09,C1311,Sunglasses,Fashion,East,Kolkata,3,1431.0,0.1,3863.7,2072.35,1791.35,UPI,2025,1,2025-01,46.36,10%,0
ORD-100878,2025-01-09,C1380,Desk Organizer,Stationery,South,Chennai,5,672.0,0.05,3192.0,1908.88,1283.12,Net Banking,2025,1,2025-01,40.2,5%,0
ORD-100879,2025-01-09,C1448,Bookshelf,Furniture,South,Bengaluru,1,5875.0,0.15,4993.75,4296.18,697.57,Debit Card,2025,1,2025-01,13.97,15%,0
ORD-100880,2025-01-10,C1012,Notebook Pack,Stationery,North,Chandigarh,5,432.0,0.05,2052.0,1268.51,783.49,Credit Card,2025,1,2025-01,38.18,5%,0
ORD-100881,2025-01-10,C1205,Pen Set,Stationery,South,Hyderabad,6,296.0,0.1,1598.4,892.47,705.93,UPI,2025,1,2025-01,44.16,10%,0
ORD-100882,2025-01-10,C1062,Headphones,Electronics,South,Hyderabad,3,3491.0,0.1,9425.7,6434.84,2990.86,UPI,2025,1,2025-01,31.73,10%,0
ORD-100883,2025-01-11,C1180,Study Desk,Furniture,North,Delhi,2,8092.0,0.0,16184.0,12058.4,4125.6,Cash on Delivery,2025,1,2025-01,25.49,0%,0
ORD-100884,2025-01-12,C1376,Notebook Pack,Stationery,East,Patna,4,482.0,0.1,1735.2,1019.4,715.8,UPI,2025,1,2025-01,41.25,10%,0
ORD-100885,2025-01-12,C1385,Notebook Pack,Stationery,West,Mumbai,5,481.0,0.15,2044.25,1214.86,829.39,Credit Card,2025,1,2025-01,40.57,15%,0
ORD-100886,2025-01-12,C1266,Running Shoes,Fashion,South,Bengaluru,2,3321.0,0.05,6309.9,3460.07,2849.83,UPI,2025,1,2025-01,45.16,5%,0
ORD-100887,2025-01-12,C1303,Air Fryer,Home & Kitchen,North,Chandigarh,2,6801.0,0.15,11561.7,8676.86,2884.84,UPI,2025,1,2025-01,24.95,15%,0
ORD-100888,2025-01-13,C1207,Sofa Set,Furniture,North,Chandigarh,1,31900.0,0.0,31900.0,27036.77,4863.23,UPI,2025,1,2025-01,15.25,0%,0
ORD-100889,2025-01-13,C1120,Headphones,Electronics,West,Ahmedabad,1,3698.0,0.05,3513.1,2191.11,1321.99,Credit Card,2025,1,2025-01,37.63,5%,0
ORD-100890,2025-01-14,C1101,Headphones,Electronics,West,Mumbai,2,3426.0,0.1,6166.8,4330.01,1836.79,Credit Card,2025,1,2025-01,29.79,10%,0
ORD-100891,2025-01-14,C1436,Sunglasses,Fashion,North,Lucknow,4,1486.0,0.05,5646.8,2735.1,2911.7,Debit Card,2025,1,2025-01,51.56,5%,0
ORD-100892,2025-01-14,C1093,Cookware Set,Home & Kitchen,West,Mumbai,2,3832.0,0.15,6514.4,4527.59,1986.81,Cash on Delivery,2025,1,2025-01,30.5,15%,0
ORD-100893,2025-01-15,C1221,Running Shoes,Fashion,West,Mumbai,1,3237.0,0.15,2751.45,1723.6,1027.85,Credit Card,2025,1,2025-01,37.36,15%,0
ORD-100894,2025-01-15,C1382,Mixer Grinder,Home & Kitchen,South,Hyderabad,2,4323.0,0.25,6484.5,5496.05,988.45,UPI,2025,1,2025-01,15.24,25%,0
ORD-100895,2025-01-15,C1431,Pen Set,Stationery,West,Pune,4,295.0,0.0,1180.0,605.38,574.62,UPI,2025,1,2025-01,48.7,0%,0
ORD-100896,2025-01-15,C1186,Cookware Set,Home & Kitchen,West,Pune,2,3900.0,0.0,7800.0,4613.47,3186.53,Credit Card,2025,1,2025-01,40.85,0%,0
ORD-100897,2025-01-15,C1141,Mixer Grinder,Home & Kitchen,East,Patna,2,4070.0,0.2,6512.0,5288.2,1223.8,Debit Card,2025,1,2025-01,18.79,20%,0
ORD-100898,2025-01-15,C1321,Smartphone,Electronics,South,Hyderabad,2,27468.0,0.05,52189.2,45555.63,6633.57,UPI,2025,1,2025-01,12.71,5%,0
ORD-100899,2025-01-16,C1157,Running Shoes,Fashion,West,Ahmedabad,1,3257.0,0.05,3094.15,1803.76,1290.39,Credit Card,2025,1,2025-01,41.7,5%,0
ORD-100900,2025-01-16,C1103,Headphones,Electronics,South,Bengaluru,3,3510.0,0.05,10003.5,6652.89,3350.61,Debit Card,2025,1,2025-01,33.49,5%,0
ORD-100901,2025-01-16,C1218,Sunglasses,Fashion,West,Pune,4,1502.0,0.0,6008.0,2645.33,3362.67,UPI,2025,1,2025-01,55.97,0%,0
ORD-100902,2025-01-16,C1303,Smartwatch,Electronics,North,Chandigarh,2,8579.0,0.0,17158.0,12904.37,4253.63,Cash on Delivery,2025,1,2025-01,24.79,0%,0
ORD-100903,2025-01-16,C1220,Backpack,Fashion,South,Chennai,2,1891.0,0.05,3592.9,1756.78,1836.12,Credit Card,2025,1,2025-01,51.1,5%,0
ORD-100904,2025-01-17,C1337,Desk Organizer,Stationery,South,Bengaluru,1,701.0,0.15,595.85,379.45,216.4,Debit Card,2025,1,2025-01,36.32,15%,0
ORD-100905,2025-01-17,C1205,Air Fryer,Home & Kitchen,South,Hyderabad,3,6422.0,0.0,19266.0,12859.71,6406.29,UPI,2025,1,2025-01,33.25,0%,0
ORD-100906,2025-01-17,C1109,Sunglasses,Fashion,North,Delhi,3,1482.0,0.05,4223.7,1984.0,2239.7,Cash on Delivery,2025,1,2025-01,53.03,5%,0
ORD-100907,2025-01-17,C1158,Denim Jacket,Fashion,South,Hyderabad,4,2671.0,0.1,9615.6,5794.79,3820.81,UPI,2025,1,2025-01,39.74,10%,0
ORD-100908,2025-01-17,C1425,Cookware Set,Home & Kitchen,East,Patna,3,3798.0,0.0,11394.0,6679.61,4714.39,UPI,2025,1,2025-01,41.38,0%,0
ORD-100909,2025-01-18,C1442,Cookware Set,Home & Kitchen,North,Lucknow,1,4100.0,0.0,4100.0,2345.35,1754.65,UPI,2025,1,2025-01,42.8,0%,0
ORD-100910,2025-01-19,C1308,Sofa Set,Furniture,North,Chandigarh,2,30604.0,0.15,52026.8,56682.27,-4655.47,Debit Card,2025,1,2025-01,-8.95,15%,1
ORD-100911,2025-01-19,C1173,Notebook Pack,Stationery,North,Chandigarh,7,431.0,0.1,2715.3,1775.05,940.25,UPI,2025,1,2025-01,34.63,10%,0
ORD-100912,2025-01-19,C1162,Bookshelf,Furniture,North,Lucknow,2,5714.0,0.15,9713.8,8817.33,896.47,UPI,2025,1,2025-01,9.23,15%,0
ORD-100913,2025-01-19,C1015,Backpack,Fashion,South,Bengaluru,4,1769.0,0.1,6368.4,3593.7,2774.7,UPI,2025,1,2025-01,43.57,10%,0
ORD-100914,2025-01-19,C1372,Mixer Grinder,Home & Kitchen,South,Bengaluru,2,4122.0,0.05,7831.8,5442.1,2389.7,Debit Card,2025,1,2025-01,30.51,5%,0
ORD-100915,2025-01-20,C1096,Notebook Pack,Stationery,South,Hyderabad,3,459.0,0.05,1308.15,739.38,568.77,Cash on Delivery,2025,1,2025-01,43.48,5%,0
ORD-100916,2025-01-20,C1316,Headphones,Electronics,North,Delhi,3,3712.0,0.0,11136.0,6593.77,4542.23,Credit Card,2025,1,2025-01,40.79,0%,0
ORD-100917,2025-01-20,C1408,Pen Set,Stationery,East,Bhubaneswar,3,319.0,0.15,813.45,461.38,352.07,Debit Card,2025,1,2025-01,43.28,15%,0
ORD-100918,2025-01-21,C1022,Mixer Grinder,Home & Kitchen,South,Hyderabad,1,4457.0,0.0,4457.0,2657.92,1799.08,Cash on Delivery,2025,1,2025-01,40.37,0%,0
ORD-100919,2025-01-21,C1447,Desk Organizer,Stationery,South,Chennai,1,658.0,0.05,625.1,368.0,257.1,Net Banking,2025,1,2025-01,41.13,5%,0
ORD-100920,2025-01-22,C1178,Sunglasses,Fashion,South,Bengaluru,1,1441.0,0.05,1368.95,689.83,679.12,Debit Card,2025,1,2025-01,49.61,5%,0
ORD-100921,2025-01-22,C1073,Smartphone,Electronics,North,Chandigarh,3,28028.0,0.2,67267.2,69509.39,-2242.19,UPI,2025,1,2025-01,-3.33,20%,1
ORD-100922,2025-01-23,C1165,Notebook Pack,Stationery,East,Kolkata,2,442.0,0.1,795.6,480.55,315.05,Credit Card,2025,1,2025-01,39.6,10%,0
ORD-100923,2025-01-23,C1417,Pen Set,Stationery,West,Mumbai,10,298.0,0.0,2980.0,1505.42,1474.58,UPI,2025,1,2025-01,49.48,0%,0
ORD-100924,2025-01-23,C1078,Sunglasses,Fashion,West,Ahmedabad,3,1609.0,0.2,3861.6,2005.19,1856.41,Debit Card,2025,1,2025-01,48.07,20%,0
ORD-100925,2025-01-23,C1331,Headphones,Electronics,South,Bengaluru,2,3454.0,0.1,6217.2,4332.14,1885.06,Credit Card,2025,1,2025-01,30.32,10%,0
ORD-100926,2025-01-24,C1029,Backpack,Fashion,East,Kolkata,1,1722.0,0.1,1549.8,906.69,643.11,UPI,2025,1,2025-01,41.5,10%,0
ORD-100927,2025-01-24,C1273,Running Shoes,Fashion,North,Chandigarh,1,3313.0,0.05,3147.35,1765.1,1382.25,Credit Card,2025,1,2025-01,43.92,5%,0
ORD-100928,2025-01-24,C1026,Bookshelf,Furniture,North,Chandigarh,2,5228.0,0.15,8887.6,8425.68,461.92,Debit Card,2025,1,2025-01,5.2,15%,0
ORD-100929,2025-01-25,C1176,Sunglasses,Fashion,North,Delhi,4,1588.0,0.0,6352.0,2744.82,3607.18,Credit Card,2025,1,2025-01,56.79,0%,0
ORD-100930,2025-01-26,C1326,Running Shoes,Fashion,South,Bengaluru,3,3325.0,0.0,9975.0,5433.03,4541.97,Debit Card,2025,1,2025-01,45.53,0%,0
ORD-100931,2025-01-26,C1035,Mixer Grinder,Home & Kitchen,North,Lucknow,1,4143.0,0.1,3728.7,2690.06,1038.64,Debit Card,2025,1,2025-01,27.86,10%,0
ORD-100932,2025-01-26,C1314,Study Desk,Furniture,South,Chennai,1,7921.0,0.15,6732.85,6097.5,635.35,Cash on Delivery,2025,1,2025-01,9.44,15%,0
ORD-100933,2025-01-27,C1312,Headphones,Electronics,West,Pune,2,3766.0,0.0,7532.0,4469.88,3062.12,UPI,2025,1,2025-01,40.65,0%,0
ORD-100934,2025-01-27,C1078,Sofa Set,Furniture,West,Ahmedabad,2,32332.0,0.05,61430.8,55011.07,6419.73,Cash on Delivery,2025,1,2025-01,10.45,5%,0
ORD-100935,2025-01-27,C1227,Backpack,Fashion,West,Ahmedabad,2,1917.0,0.0,3834.0,1747.4,2086.6,Debit Card,2025,1,2025-01,54.42,0%,0
ORD-100936,2025-01-27,C1246,Pen Set,Stationery,South,Hyderabad,9,293.0,0.15,2241.45,1363.73,877.72,Credit Card,2025,1,2025-01,39.16,15%,0
ORD-100937,2025-01-28,C1351,Pen Set,Stationery,South,Chennai,2,311.0,0.1,559.8,300.45,259.35,Credit Card,2025,1,2025-01,46.33,10%,0
ORD-100938,2025-01-28,C1272,Cookware Set,Home & Kitchen,West,Mumbai,2,3852.0,0.0,7704.0,4615.25,3088.75,Debit Card,2025,1,2025-01,40.09,0%,0
ORD-100939,2025-01-28,C1160,Running Shoes,Fashion,North,Delhi,3,3143.0,0.2,7543.2,5299.34,2243.86,Credit Card,2025,1,2025-01,29.75,20%,0
ORD-100940,2025-01-28,C1233,Cookware Set,Home & Kitchen,East,Kolkata,3,4092.0,0.0,12276.0,6648.87,5627.13,Credit Card,2025,1,2025-01,45.84,0%,0
ORD-100941,2025-01-28,C1269,Smartwatch,Electronics,West,Pune,2,9464.0,0.05,17981.6,12742.63,5238.97,Net Banking,2025,1,2025-01,29.14,5%,0
ORD-100942,2025-01-29,C1095,Backpack,Fashion,South,Chennai,1,1847.0,0.05,1754.65,914.68,839.97,Credit Card,2025,1,2025-01,47.87,5%,0
ORD-100943,2025-01-29,C1337,Study Desk,Furniture,South,Bengaluru,2,7630.0,0.1,13734.0,12322.79,1411.21,Debit Card,2025,1,2025-01,10.28,10%,0
ORD-100944,2025-01-29,C1318,Bookshelf,Furniture,South,Bengaluru,1,5427.0,0.1,4884.3,4296.85,587.45,UPI,2025,1,2025-01,12.03,10%,0
ORD-100945,2025-01-30,C1424,Running Shoes,Fashion,North,Delhi,3,3144.0,0.1,8488.8,5290.34,3198.46,UPI,2025,1,2025-01,37.68,10%,0
ORD-100946,2025-01-30,C1081,Smartwatch,Electronics,East,Kolkata,3,9237.0,0.25,20783.25,19327.79,1455.46,UPI,2025,1,2025-01,7.0,25%,0
ORD-100947,2025-01-30,C1071,Study Desk,Furniture,East,Patna,1,8076.0,0.0,8076.0,6043.52,2032.48,Credit Card,2025,1,2025-01,25.17,0%,0
ORD-100948,2025-01-31,C1301,Tablet,Electronics,North,Delhi,1,21177.0,0.0,21177.0,18231.47,2945.53,UPI,2025,1,2025-01,13.91,0%,0
ORD-100949,2025-01-31,C1243,Desk Organizer,Stationery,North,Chandigarh,7,681.0,0.1,4290.3,2712.82,1577.48,UPI,2025,1,2025-01,36.77,10%,0
ORD-100950,2025-01-31,C1285,Desk Organizer,Stationery,North,Delhi,4,681.0,0.0,2724.0,1520.95,1203.05,Credit Card,2025,1,2025-01,44.16,0%,0
ORD-100951,2025-02-01,C1406,Desk Organizer,Stationery,West,Mumbai,5,651.0,0.2,2604.0,1895.22,708.78,UPI,2025,2,2025-02,27.22,20%,0
ORD-100952,2025-02-01,C1037,Smartwatch,Electronics,East,Kolkata,3,8676.0,0.25,19521.0,18573.6,947.4,Debit Card,2025,2,2025-02,4.85,25%,0
ORD-100953,2025-02-01,C1282,Mixer Grinder,Home & Kitchen,North,Delhi,3,4103.0,0.1,11078.1,8098.06,2980.04,UPI,2025,2,2025-02,26.9,10%,0
ORD-100954,2025-02-01,C1036,Cookware Set,Home & Kitchen,East,Patna,2,3902.0,0.05,7413.8,4491.68,2922.12,Net Banking,2025,2,2025-02,39.41,5%,0
ORD-100955,2025-02-01,C1420,Smartwatch,Electronics,West,Pune,2,9585.0,0.0,19170.0,12325.94,6844.06,Cash on Delivery,2025,2,2025-02,35.7,0%,0
ORD-100956,2025-02-02,C1016,Mixer Grinder,Home & Kitchen,West,Ahmedabad,2,4269.0,0.0,8538.0,5399.79,3138.21,Credit Card,2025,2,2025-02,36.76,0%,0
ORD-100957,2025-02-03,C1366,Smartphone,Electronics,West,Mumbai,2,27555.0,0.1,49599.0,47193.74,2405.26,Credit Card,2025,2,2025-02,4.85,10%,0
ORD-100958,2025-02-03,C1159,Pen Set,Stationery,West,Ahmedabad,6,318.0,0.0,1908.0,911.2,996.8,UPI,2025,2,2025-02,52.24,0%,0
ORD-100959,2025-02-03,C1429,Desk Organizer,Stationery,North,Lucknow,5,655.0,0.1,2947.5,1859.56,1087.94,Debit Card,2025,2,2025-02,36.91,10%,0
ORD-100960,2025-02-04,C1232,Air Fryer,Home & Kitchen,South,Hyderabad,2,6300.0,0.2,10080.0,8381.83,1698.17,Debit Card,2025,2,2025-02,16.85,20%,0
ORD-100961,2025-02-04,C1066,Headphones,Electronics,North,Delhi,3,3334.0,0.1,9001.8,6518.42,2483.38,Debit Card,2025,2,2025-02,27.59,10%,0
ORD-100962,2025-02-04,C1063,Air Fryer,Home & Kitchen,South,Bengaluru,2,6223.0,0.1,11201.4,8658.88,2542.52,Credit Card,2025,2,2025-02,22.7,10%,0
ORD-100963,2025-02-04,C1364,Office Chair,Furniture,South,Bengaluru,1,8159.0,0.0,8159.0,7206.17,952.83,Credit Card,2025,2,2025-02,11.68,0%,0
ORD-100964,2025-02-05,C1025,Cookware Set,Home & Kitchen,North,Lucknow,2,3884.0,0.0,7768.0,4609.9,3158.1,UPI,2025,2,2025-02,40.66,0%,0
ORD-100965,2025-02-05,C1319,Smartphone,Electronics,East,Bhubaneswar,3,26831.0,0.15,68419.05,70159.88,-1740.83,Net Banking,2025,2,2025-02,-2.54,15%,1
ORD-100966,2025-02-06,C1233,Sofa Set,Furniture,East,Kolkata,1,33617.0,0.0,33617.0,27890.51,5726.49,UPI,2025,2,2025-02,17.03,0%,0
ORD-100967,2025-02-06,C1285,Pen Set,Stationery,North,Delhi,3,304.0,0.0,912.0,445.84,466.16,Debit Card,2025,2,2025-02,51.11,0%,0
ORD-100968,2025-02-06,C1234,Backpack,Fashion,East,Kolkata,2,1756.0,0.1,3160.8,1788.34,1372.46,UPI,2025,2,2025-02,43.42,10%,0
ORD-100969,2025-02-06,C1225,Desk Organizer,Stationery,North,Chandigarh,6,662.0,0.05,3773.4,2322.13,1451.27,Debit Card,2025,2,2025-02,38.46,5%,0
ORD-100970,2025-02-07,C1105,Mixer Grinder,Home & Kitchen,South,Bengaluru,3,4018.0,0.05,11451.3,7827.0,3624.3,UPI,2025,2,2025-02,31.65,5%,0
ORD-100971,2025-02-07,C1324,Sunglasses,Fashion,South,Bengaluru,3,1458.0,0.2,3499.2,2054.55,1444.65,Debit Card,2025,2,2025-02,41.29,20%,0
ORD-100972,2025-02-08,C1101,Air Fryer,Home & Kitchen,West,Mumbai,3,6480.0,0.2,15552.0,12994.49,2557.51,Debit Card,2025,2,2025-02,16.44,20%,0
ORD-100973,2025-02-08,C1104,Desk Organizer,Stationery,East,Kolkata,4,645.0,0.0,2580.0,1514.44,1065.56,Net Banking,2025,2,2025-02,41.3,0%,0
ORD-100974,2025-02-08,C1132,Mixer Grinder,Home & Kitchen,West,Pune,2,4385.0,0.0,8770.0,5503.34,3266.66,UPI,2025,2,2025-02,37.25,0%,0
ORD-100975,2025-02-08,C1221,Pen Set,Stationery,West,Mumbai,1,302.0,0.0,302.0,149.62,152.38,Net Banking,2025,2,2025-02,50.46,0%,0
ORD-100976,2025-02-09,C1074,Notebook Pack,Stationery,South,Hyderabad,6,467.0,0.15,2381.7,1513.49,868.21,Credit Card,2025,2,2025-02,36.45,15%,0
ORD-100977,2025-02-09,C1419,Smartphone,Electronics,North,Delhi,2,28041.0,0.15,47669.7,45269.7,2400.0,Net Banking,2025,2,2025-02,5.03,15%,0
ORD-100978,2025-02-10,C1331,Smartphone,Electronics,South,Bengaluru,2,30115.0,0.25,45172.5,47087.67,-1915.17,Net Banking,2025,2,2025-02,-4.24,25%,1
ORD-100979,2025-02-11,C1435,Study Desk,Furniture,West,Pune,2,8030.0,0.05,15257.0,11718.67,3538.33,Credit Card,2025,2,2025-02,23.19,5%,0
ORD-100980,2025-02-11,C1178,Air Fryer,Home & Kitchen,South,Bengaluru,2,6518.0,0.1,11732.4,8336.9,3395.5,Cash on Delivery,2025,2,2025-02,28.94,10%,0
ORD-100981,2025-02-11,C1063,Bookshelf,Furniture,South,Bengaluru,1,5229.0,0.2,4183.2,4185.83,-2.63,UPI,2025,2,2025-02,-0.06,20%,1
ORD-100982,2025-02-11,C1084,Denim Jacket,Fashion,South,Bengaluru,4,2928.0,0.0,11712.0,5841.37,5870.63,Credit Card,2025,2,2025-02,50.12,0%,0
ORD-100983,2025-02-12,C1188,Denim Jacket,Fashion,North,Delhi,2,2716.0,0.0,5432.0,2844.78,2587.22,Cash on Delivery,2025,2,2025-02,47.63,0%,0
ORD-100984,2025-02-12,C1137,Study Desk,Furniture,North,Delhi,1,7249.0,0.15,6161.65,6152.69,8.96,Debit Card,2025,2,2025-02,0.15,15%,0
ORD-100985,2025-02-15,C1365,Mixer Grinder,Home & Kitchen,South,Bengaluru,1,4211.0,0.15,3579.35,2607.64,971.71,Credit Card,2025,2,2025-02,27.15,15%,0
ORD-100986,2025-02-15,C1040,Study Desk,Furniture,North,Delhi,2,7950.0,0.0,15900.0,12165.72,3734.28,Cash on Delivery,2025,2,2025-02,23.49,0%,0
ORD-100987,2025-02-15,C1167,Backpack,Fashion,South,Bengaluru,4,1852.0,0.0,7408.0,3546.15,3861.85,Credit Card,2025,2,2025-02,52.13,0%,0
ORD-100988,2025-02-15,C1134,Desk Organizer,Stationery,West,Mumbai,9,649.0,0.25,4380.75,3327.09,1053.66,UPI,2025,2,2025-02,24.05,25%,0
ORD-100989,2025-02-17,C1013,Sunglasses,Fashion,West,Mumbai,2,1460.0,0.1,2628.0,1350.84,1277.16,Credit Card,2025,2,2025-02,48.6,10%,0
ORD-100990,2025-02-17,C1287,Sunglasses,Fashion,West,Ahmedabad,3,1582.0,0.15,4034.1,2045.02,1989.08,Cash on Delivery,2025,2,2025-02,49.31,15%,0
ORD-100991,2025-02-19,C1059,Notebook Pack,Stationery,South,Hyderabad,10,483.0,0.05,4588.5,2403.75,2184.75,Credit Card,2025,2,2025-02,47.61,5%,0
ORD-100992,2025-02-19,C1335,Denim Jacket,Fashion,West,Mumbai,4,2851.0,0.0,11404.0,5734.78,5669.22,Cash on Delivery,2025,2,2025-02,49.71,0%,0
ORD-100993,2025-02-19,C1329,Smartphone,Electronics,East,Bhubaneswar,3,27663.0,0.1,74690.1,67847.14,6842.96,Debit Card,2025,2,2025-02,9.16,10%,0
ORD-100994,2025-02-20,C1039,Air Fryer,Home & Kitchen,South,Bengaluru,2,6491.0,0.15,11034.7,8694.1,2340.6,Credit Card,2025,2,2025-02,21.21,15%,0
ORD-100995,2025-02-20,C1047,Notebook Pack,Stationery,South,Hyderabad,3,434.0,0.1,1171.8,756.51,415.29,UPI,2025,2,2025-02,35.44,10%,0
ORD-100996,2025-02-20,C1296,Backpack,Fashion,North,Lucknow,3,1762.0,0.05,5021.7,2722.43,2299.27,UPI,2025,2,2025-02,45.79,5%,0
ORD-100997,2025-02-20,C1098,Running Shoes,Fashion,South,Bengaluru,3,3416.0,0.0,10248.0,5132.74,5115.26,UPI,2025,2,2025-02,49.91,0%,0
ORD-100998,2025-02-21,C1271,Smartwatch,Electronics,West,Ahmedabad,1,8571.0,0.0,8571.0,6132.99,2438.01,Credit Card,2025,2,2025-02,28.44,0%,0
ORD-100999,2025-02-21,C1271,Smartphone,Electronics,West,Ahmedabad,1,29106.0,0.0,29106.0,23467.65,5638.35,Debit Card,2025,2,2025-02,19.37,0%,0
ORD-101000,2025-02-21,C1196,Smartphone,Electronics,North,Lucknow,3,29395.0,0.0,88185.0,68390.51,19794.49,Debit Card,2025,2,2025-02,22.45,0%,0
ORD-101001,2025-02-21,C1435,Smartphone,Electronics,West,Pune,1,27235.0,0.0,27235.0,22821.63,4413.37,Cash on Delivery,2025,2,2025-02,16.2,0%,0
ORD-101002,2025-02-22,C1410,Notebook Pack,Stationery,South,Hyderabad,1,459.0,0.05,436.05,245.81,190.24,UPI,2025,2,2025-02,43.63,5%,0
ORD-101003,2025-02-22,C1220,Pen Set,Stationery,South,Chennai,7,303.0,0.15,1802.85,1032.64,770.21,Debit Card,2025,2,2025-02,42.72,15%,0
ORD-101004,2025-02-22,C1382,Cookware Set,Home & Kitchen,South,Hyderabad,2,3614.0,0.0,7228.0,4552.08,2675.92,Net Banking,2025,2,2025-02,37.02,0%,0
ORD-101005,2025-02-23,C1265,Desk Organizer,Stationery,West,Pune,10,635.0,0.1,5715.0,3704.42,2010.58,Credit Card,2025,2,2025-02,35.18,10%,0
ORD-101006,2025-02-23,C1173,Notebook Pack,Stationery,North,Chandigarh,2,450.0,0.0,900.0,487.7,412.3,Debit Card,2025,2,2025-02,45.81,0%,0
ORD-101007,2025-02-23,C1072,Running Shoes,Fashion,South,Chennai,3,3084.0,0.1,8326.8,5315.68,3011.12,Credit Card,2025,2,2025-02,36.16,10%,0
ORD-101008,2025-02-23,C1070,Backpack,Fashion,West,Ahmedabad,1,1827.0,0.0,1827.0,923.0,904.0,UPI,2025,2,2025-02,49.48,0%,0
ORD-101009,2025-02-23,C1001,Denim Jacket,Fashion,West,Pune,2,2946.0,0.2,4713.6,2832.32,1881.28,Net Banking,2025,2,2025-02,39.91,20%,0
ORD-101010,2025-02-24,C1111,Air Fryer,Home & Kitchen,South,Bengaluru,1,6346.0,0.05,6028.7,4374.53,1654.17,Net Banking,2025,2,2025-02,27.44,5%,0
ORD-101011,2025-02-24,C1159,Smartwatch,Electronics,West,Ahmedabad,3,8828.0,0.1,23835.6,18725.22,5110.38,UPI,2025,2,2025-02,21.44,10%,0
ORD-101012,2025-02-24,C1335,Pen Set,Stationery,West,Mumbai,2,315.0,0.0,630.0,307.47,322.53,Credit Card,2025,2,2025-02,51.2,0%,0
ORD-101013,2025-02-24,C1006,Backpack,Fashion,North,Lucknow,2,1920.0,0.15,3264.0,1816.8,1447.2,Debit Card,2025,2,2025-02,44.34,15%,0
ORD-101014,2025-02-25,C1414,Air Fryer,Home & Kitchen,West,Mumbai,2,6366.0,0.0,12732.0,8689.42,4042.58,Credit Card,2025,2,2025-02,31.75,0%,0
ORD-101015,2025-02-25,C1317,Mixer Grinder,Home & Kitchen,South,Bengaluru,3,4289.0,0.0,12867.0,8237.69,4629.31,UPI,2025,2,2025-02,35.98,0%,0
ORD-101016,2025-02-26,C1400,Mixer Grinder,Home & Kitchen,East,Patna,3,4128.0,0.05,11764.8,7969.86,3794.94,Credit Card,2025,2,2025-02,32.26,5%,0
ORD-101017,2025-02-26,C1047,Denim Jacket,Fashion,South,Hyderabad,2,2984.0,0.1,5371.2,2928.56,2442.64,UPI,2025,2,2025-02,45.48,10%,0
ORD-101018,2025-02-26,C1437,Headphones,Electronics,West,Pune,1,3627.0,0.0,3627.0,2208.3,1418.7,Credit Card,2025,2,2025-02,39.11,0%,0
ORD-101019,2025-02-27,C1305,Smartphone,Electronics,West,Pune,1,28418.0,0.2,22734.4,22672.6,61.8,UPI,2025,2,2025-02,0.27,20%,0
ORD-101020,2025-02-27,C1343,Study Desk,Furniture,South,Chennai,1,7813.0,0.2,6250.4,5902.56,347.84,Debit Card,2025,2,2025-02,5.57,20%,0
ORD-101021,2025-02-28,C1138,Sunglasses,Fashion,North,Delhi,3,1432.0,0.0,4296.0,2041.01,2254.99,Credit Card,2025,2,2025-02,52.49,0%,0
ORD-101022,2025-02-28,C1449,Laptop,Electronics,West,Ahmedabad,3,58072.0,0.05,165505.2,133428.3,32076.9,Credit Card,2025,2,2025-02,19.38,5%,0
ORD-101023,2025-02-28,C1060,Cookware Set,Home & Kitchen,South,Bengaluru,1,3830.0,0.05,3638.5,2273.22,1365.28,UPI,2025,2,2025-02,37.52,5%,0
ORD-101024,2025-03-01,C1009,Desk Organizer,Stationery,East,Bhubaneswar,4,618.0,0.05,2348.4,1518.89,829.51,UPI,2025,3,2025-03,35.32,5%,0
ORD-101025,2025-03-01,C1323,Backpack,Fashion,South,Hyderabad,4,1732.0,0.05,6581.6,3630.76,2950.84,UPI,2025,3,2025-03,44.83,5%,0
ORD-101026,2025-03-01,C1378,Cookware Set,Home & Kitchen,West,Ahmedabad,3,3662.0,0.0,10986.0,6750.14,4235.86,UPI,2025,3,2025-03,38.56,0%,0
ORD-101027,2025-03-01,C1267,Desk Organizer,Stationery,South,Bengaluru,8,669.0,0.15,4549.2,3072.87,1476.33,UPI,2025,3,2025-03,32.45,15%,0
ORD-101028,2025-03-01,C1130,Sofa Set,Furniture,North,Lucknow,2,31842.0,0.05,60499.8,53851.15,6648.65,UPI,2025,3,2025-03,10.99,5%,0
ORD-101029,2025-03-01,C1138,Denim Jacket,Fashion,North,Delhi,1,2720.0,0.05,2584.0,1475.28,1108.72,Debit Card,2025,3,2025-03,42.91,5%,0
ORD-101030,2025-03-02,C1018,Smartwatch,Electronics,South,Bengaluru,2,8905.0,0.0,17810.0,12521.22,5288.78,Cash on Delivery,2025,3,2025-03,29.7,0%,0
ORD-101031,2025-03-02,C1143,Smartwatch,Electronics,West,Mumbai,1,9398.0,0.0,9398.0,6172.12,3225.88,Cash on Delivery,2025,3,2025-03,34.33,0%,0
ORD-101032,2025-03-02,C1284,Headphones,Electronics,West,Pune,2,3686.0,0.0,7372.0,4398.61,2973.39,UPI,2025,3,2025-03,40.33,0%,0
ORD-101033,2025-03-03,C1139,Study Desk,Furniture,East,Patna,2,8097.0,0.0,16194.0,12306.5,3887.5,UPI,2025,3,2025-03,24.01,0%,0
ORD-101034,2025-03-03,C1291,Pen Set,Stationery,North,Delhi,3,307.0,0.15,782.85,456.1,326.75,UPI,2025,3,2025-03,41.74,15%,0
ORD-101035,2025-03-03,C1424,Desk Organizer,Stationery,North,Delhi,10,693.0,0.1,6237.0,3778.21,2458.79,UPI,2025,3,2025-03,39.42,10%,0
ORD-101036,2025-03-04,C1278,Backpack,Fashion,North,Delhi,3,1864.0,0.05,5312.4,2695.35,2617.05,Debit Card,2025,3,2025-03,49.26,5%,0
ORD-101037,2025-03-05,C1433,Denim Jacket,Fashion,East,Bhubaneswar,2,2917.0,0.0,5834.0,2945.25,2888.75,Credit Card,2025,3,2025-03,49.52,0%,0
ORD-101038,2025-03-06,C1079,Notebook Pack,Stationery,East,Bhubaneswar,1,428.0,0.05,406.6,251.01,155.59,Cash on Delivery,2025,3,2025-03,38.27,5%,0
ORD-101039,2025-03-06,C1215,Pen Set,Stationery,South,Hyderabad,5,317.0,0.1,1426.5,769.09,657.41,Credit Card,2025,3,2025-03,46.09,10%,0
ORD-101040,2025-03-06,C1100,Desk Organizer,Stationery,North,Chandigarh,1,626.0,0.1,563.4,386.21,177.19,UPI,2025,3,2025-03,31.45,10%,0
ORD-101041,2025-03-08,C1077,Notebook Pack,Stationery,North,Chandigarh,3,471.0,0.0,1413.0,752.22,660.78,Debit Card,2025,3,2025-03,46.76,0%,0
ORD-101042,2025-03-08,C1101,Backpack,Fashion,West,Mumbai,3,1741.0,0.25,3917.25,2725.24,1192.01,Net Banking,2025,3,2025-03,30.43,25%,0
ORD-101043,2025-03-09,C1373,Air Fryer,Home & Kitchen,East,Patna,1,6312.0,0.1,5680.8,4187.91,1492.89,UPI,2025,3,2025-03,26.28,10%,0
ORD-101044,2025-03-09,C1390,Mixer Grinder,Home & Kitchen,West,Pune,2,4351.0,0.0,8702.0,5527.74,3174.26,UPI,2025,3,2025-03,36.48,0%,0
ORD-101045,2025-03-09,C1439,Tablet,Electronics,South,Hyderabad,2,23105.0,0.15,39278.5,37740.49,1538.01,UPI,2025,3,2025-03,3.92,15%,0
ORD-101046,2025-03-10,C1426,Sofa Set,Furniture,West,Ahmedabad,2,33980.0,0.05,64562.0,54621.48,9940.52,UPI,2025,3,2025-03,15.4,5%,0
ORD-101047,2025-03-11,C1386,Sofa Set,Furniture,West,Pune,1,30444.0,0.2,24355.2,27590.4,-3235.2,Credit Card,2025,3,2025-03,-13.28,20%,1
ORD-101048,2025-03-11,C1036,Bookshelf,Furniture,East,Patna,1,5386.0,0.0,5386.0,4193.91,1192.09,UPI,2025,3,2025-03,22.13,0%,0
ORD-101049,2025-03-11,C1006,Bookshelf,Furniture,North,Lucknow,2,5904.0,0.05,11217.6,8775.38,2442.22,UPI,2025,3,2025-03,21.77,5%,0
ORD-101050,2025-03-11,C1380,Backpack,Fashion,South,Chennai,1,1840.0,0.0,1840.0,912.72,927.28,Debit Card,2025,3,2025-03,50.4,0%,0
ORD-101051,2025-03-12,C1022,Running Shoes,Fashion,South,Hyderabad,2,3043.0,0.05,5781.7,3443.5,2338.2,Credit Card,2025,3,2025-03,40.44,5%,0
ORD-101052,2025-03-12,C1005,Pen Set,Stationery,West,Ahmedabad,9,287.0,0.05,2453.85,1364.25,1089.6,Credit Card,2025,3,2025-03,44.4,5%,0
ORD-101053,2025-03-12,C1021,Pen Set,Stationery,West,Pune,5,298.0,0.05,1415.5,749.45,666.05,Debit Card,2025,3,2025-03,47.05,5%,0
ORD-101054,2025-03-13,C1333,Sofa Set,Furniture,South,Hyderabad,1,31009.0,0.1,27908.1,27313.75,594.35,Credit Card,2025,3,2025-03,2.13,10%,0
ORD-101055,2025-03-13,C1429,Headphones,Electronics,North,Lucknow,2,3737.0,0.2,5979.2,4248.0,1731.2,Credit Card,2025,3,2025-03,28.95,20%,0
ORD-101056,2025-03-13,C1399,Sofa Set,Furniture,East,Patna,2,31188.0,0.0,62376.0,55656.61,6719.39,UPI,2025,3,2025-03,10.77,0%,0
ORD-101057,2025-03-13,C1120,Cookware Set,Home & Kitchen,West,Ahmedabad,2,3937.0,0.1,7086.6,4481.39,2605.21,UPI,2025,3,2025-03,36.76,10%,0
ORD-101058,2025-03-13,C1041,Smartphone,Electronics,East,Bhubaneswar,3,28711.0,0.05,81826.35,67818.31,14008.04,UPI,2025,3,2025-03,17.12,5%,0
ORD-101059,2025-03-13,C1052,Desk Organizer,Stationery,East,Kolkata,2,643.0,0.0,1286.0,773.04,512.96,UPI,2025,3,2025-03,39.89,0%,0
ORD-101060,2025-03-13,C1280,Air Fryer,Home & Kitchen,West,Mumbai,2,6859.0,0.1,12346.2,8718.68,3627.52,Credit Card,2025,3,2025-03,29.38,10%,0
ORD-101061,2025-03-13,C1314,Backpack,Fashion,South,Chennai,1,1843.0,0.0,1843.0,886.94,956.06,UPI,2025,3,2025-03,51.88,0%,0
ORD-101062,2025-03-14,C1184,Laptop,Electronics,South,Hyderabad,2,52270.0,0.1,94086.0,89077.27,5008.73,Credit Card,2025,3,2025-03,5.32,10%,0
ORD-101063,2025-03-15,C1001,Air Fryer,Home & Kitchen,West,Pune,1,6225.0,0.15,5291.25,4346.04,945.21,Debit Card,2025,3,2025-03,17.86,15%,0
ORD-101064,2025-03-15,C1331,Cookware Set,Home & Kitchen,South,Bengaluru,3,3968.0,0.15,10118.4,6665.18,3453.22,UPI,2025,3,2025-03,34.13,15%,0
ORD-101065,2025-03-16,C1233,Running Shoes,Fashion,East,Kolkata,2,3357.0,0.0,6714.0,3579.44,3134.56,UPI,2025,3,2025-03,46.69,0%,0
ORD-101066,2025-03-16,C1080,Notebook Pack,Stationery,East,Bhubaneswar,4,449.0,0.05,1706.2,978.09,728.11,UPI,2025,3,2025-03,42.67,5%,0
ORD-101067,2025-03-16,C1152,Office Chair,Furniture,South,Bengaluru,2,8422.0,0.0,16844.0,14184.85,2659.15,UPI,2025,3,2025-03,15.79,0%,0
ORD-101068,2025-03-17,C1354,Pen Set,Stationery,East,Kolkata,8,323.0,0.2,2067.2,1186.74,880.46,Debit Card,2025,3,2025-03,42.59,20%,0
ORD-101069,2025-03-17,C1399,Bookshelf,Furniture,East,Patna,1,5519.0,0.2,4415.2,4376.68,38.52,Cash on Delivery,2025,3,2025-03,0.87,20%,0
ORD-101070,2025-03-17,C1108,Smartphone,Electronics,West,Mumbai,2,27695.0,0.05,52620.5,45845.97,6774.53,UPI,2025,3,2025-03,12.87,5%,0
ORD-101071,2025-03-17,C1101,Notebook Pack,Stationery,West,Mumbai,3,468.0,0.1,1263.6,736.0,527.6,UPI,2025,3,2025-03,41.75,10%,0
ORD-101072,2025-03-18,C1333,Headphones,Electronics,South,Hyderabad,3,3538.0,0.0,10614.0,6698.99,3915.01,Debit Card,2025,3,2025-03,36.89,0%,0
ORD-101073,2025-03-18,C1194,Pen Set,Stationery,West,Mumbai,7,322.0,0.0,2254.0,1074.59,1179.41,Cash on Delivery,2025,3,2025-03,52.33,0%,0
ORD-101074,2025-03-18,C1055,Backpack,Fashion,South,Chennai,1,1781.0,0.15,1513.85,918.68,595.17,UPI,2025,3,2025-03,39.31,15%,0
ORD-101075,2025-03-18,C1298,Smartphone,Electronics,West,Ahmedabad,3,29292.0,0.1,79088.4,70894.21,8194.19,UPI,2025,3,2025-03,10.36,10%,0
ORD-101076,2025-03-18,C1272,Sunglasses,Fashion,West,Mumbai,2,1532.0,0.2,2451.2,1358.51,1092.69,Credit Card,2025,3,2025-03,44.58,20%,0
ORD-101077,2025-03-19,C1315,Headphones,Electronics,South,Bengaluru,1,3385.0,0.05,3215.75,2179.43,1036.32,Cash on Delivery,2025,3,2025-03,32.23,5%,0
ORD-101078,2025-03-19,C1381,Cookware Set,Home & Kitchen,South,Hyderabad,1,3781.0,0.05,3591.95,2344.88,1247.07,Credit Card,2025,3,2025-03,34.72,5%,0
ORD-101079,2025-03-20,C1232,Notebook Pack,Stationery,South,Hyderabad,9,441.0,0.0,3969.0,2161.08,1807.92,UPI,2025,3,2025-03,45.55,0%,0
ORD-101080,2025-03-20,C1166,Smartwatch,Electronics,South,Chennai,2,9590.0,0.05,18221.0,12860.96,5360.04,Credit Card,2025,3,2025-03,29.42,5%,0
ORD-101081,2025-03-20,C1086,Laptop,Electronics,North,Delhi,2,58909.0,0.2,94254.4,86997.43,7256.97,Debit Card,2025,3,2025-03,7.7,20%,0
ORD-101082,2025-03-20,C1439,Notebook Pack,Stationery,South,Hyderabad,7,429.0,0.25,2252.25,1721.23,531.02,Net Banking,2025,3,2025-03,23.58,25%,0
ORD-101083,2025-03-21,C1251,Sunglasses,Fashion,North,Delhi,2,1495.0,0.0,2990.0,1349.37,1640.63,Credit Card,2025,3,2025-03,54.87,0%,0
ORD-101084,2025-03-21,C1210,Cookware Set,Home & Kitchen,South,Chennai,3,3946.0,0.05,11246.1,6905.39,4340.71,Debit Card,2025,3,2025-03,38.6,5%,0
ORD-101085,2025-03-21,C1370,Cookware Set,Home & Kitchen,North,Lucknow,3,3877.0,0.1,10467.9,6666.45,3801.45,UPI,2025,3,2025-03,36.32,10%,0
ORD-101086,2025-03-21,C1193,Notebook Pack,Stationery,South,Hyderabad,2,457.0,0.25,685.5,487.13,198.37,UPI,2025,3,2025-03,28.94,25%,0
ORD-101087,2025-03-21,C1109,Headphones,Electronics,North,Delhi,3,3655.0,0.1,9868.5,6414.32,3454.18,Credit Card,2025,3,2025-03,35.0,10%,0
ORD-101088,2025-03-22,C1306,Laptop,Electronics,West,Pune,3,56642.0,0.0,169926.0,134510.73,35415.27,Debit Card,2025,3,2025-03,20.84,0%,0
ORD-101089,2025-03-22,C1284,Bookshelf,Furniture,West,Pune,2,5655.0,0.0,11310.0,8674.31,2635.69,Cash on Delivery,2025,3,2025-03,23.3,0%,0
ORD-101090,2025-03-23,C1252,Sunglasses,Fashion,South,Hyderabad,1,1551.0,0.05,1473.45,656.94,816.51,Credit Card,2025,3,2025-03,55.41,5%,0
ORD-101091,2025-03-24,C1361,Pen Set,Stationery,West,Ahmedabad,10,321.0,0.05,3049.5,1507.63,1541.87,UPI,2025,3,2025-03,50.56,5%,0
ORD-101092,2025-03-24,C1350,Smartwatch,Electronics,North,Chandigarh,1,9336.0,0.1,8402.4,6211.92,2190.48,Credit Card,2025,3,2025-03,26.07,10%,0
ORD-101093,2025-03-24,C1058,Laptop,Electronics,West,Mumbai,1,55955.0,0.25,41966.25,43924.72,-1958.47,UPI,2025,3,2025-03,-4.67,25%,1
ORD-101094,2025-03-24,C1325,Laptop,Electronics,South,Bengaluru,1,53476.0,0.0,53476.0,43798.85,9677.15,UPI,2025,3,2025-03,18.1,0%,0
ORD-101095,2025-03-25,C1215,Mixer Grinder,Home & Kitchen,South,Hyderabad,2,4051.0,0.05,7696.9,5411.75,2285.15,UPI,2025,3,2025-03,29.69,5%,0
ORD-101096,2025-03-25,C1126,Mixer Grinder,Home & Kitchen,West,Mumbai,3,4260.0,0.0,12780.0,8304.11,4475.89,UPI,2025,3,2025-03,35.02,0%,0
ORD-101097,2025-03-25,C1412,Pen Set,Stationery,South,Hyderabad,1,301.0,0.05,285.95,154.4,131.55,Credit Card,2025,3,2025-03,46.0,5%,0
ORD-101098,2025-03-26,C1018,Sunglasses,Fashion,South,Bengaluru,2,1590.0,0.0,3180.0,1313.3,1866.7,UPI,2025,3,2025-03,58.7,0%,0
ORD-101099,2025-03-27,C1402,Backpack,Fashion,West,Ahmedabad,2,1895.0,0.05,3600.5,1830.27,1770.23,Credit Card,2025,3,2025-03,49.17,5%,0
ORD-101100,2025-03-28,C1175,Smartwatch,Electronics,West,Mumbai,1,9282.0,0.25,6961.5,6361.16,600.34,UPI,2025,3,2025-03,8.62,25%,0
ORD-101101,2025-03-28,C1112,Cookware Set,Home & Kitchen,West,Ahmedabad,1,4036.0,0.0,4036.0,2275.62,1760.38,UPI,2025,3,2025-03,43.62,0%,0
ORD-101102,2025-03-28,C1255,Office Chair,Furniture,West,Pune,1,8923.0,0.15,7584.55,7096.16,488.39,UPI,2025,3,2025-03,6.44,15%,0
ORD-101103,2025-03-29,C1192,Backpack,Fashion,South,Bengaluru,4,1756.0,0.25,5268.0,3503.18,1764.82,Debit Card,2025,3,2025-03,33.5,25%,0
ORD-101104,2025-03-30,C1117,Mixer Grinder,Home & Kitchen,North,Chandigarh,3,4337.0,0.0,13011.0,7855.66,5155.34,Cash on Delivery,2025,3,2025-03,39.62,0%,0
ORD-101105,2025-03-30,C1113,Mixer Grinder,Home & Kitchen,South,Bengaluru,1,4236.0,0.05,4024.2,2752.58,1271.62,Net Banking,2025,3,2025-03,31.6,5%,0
ORD-101106,2025-03-30,C1311,Running Shoes,Fashion,East,Kolkata,4,3315.0,0.15,11271.0,6983.37,4287.63,UPI,2025,3,2025-03,38.04,15%,0
ORD-101107,2025-03-30,C1275,Smartwatch,Electronics,East,Bhubaneswar,2,9457.0,0.1,17022.6,12286.08,4736.52,UPI,2025,3,2025-03,27.82,10%,0
ORD-101108,2025-03-31,C1244,Notebook Pack,Stationery,South,Chennai,8,473.0,0.0,3784.0,1969.0,1815.0,Cash on Delivery,2025,3,2025-03,47.97,0%,0
ORD-101109,2025-03-31,C1030,Smartwatch,Electronics,West,Mumbai,1,9315.0,0.25,6986.25,6453.65,532.6,Debit Card,2025,3,2025-03,7.62,25%,0
ORD-101110,2025-03-31,C1214,Laptop,Electronics,West,Ahmedabad,2,58657.0,0.05,111448.3,90440.13,21008.17,Debit Card,2025,3,2025-03,18.85,5%,0
ORD-101111,2025-04-01,C1225,Headphones,Electronics,North,Chandigarh,3,3642.0,0.05,10379.7,6594.79,3784.91,UPI,2025,4,2025-04,36.46,5%,0
ORD-101112,2025-04-01,C1309,Running Shoes,Fashion,West,Pune,1,3363.0,0.05,3194.85,1808.24,1386.61,Cash on Delivery,2025,4,2025-04,43.4,5%,0
ORD-101113,2025-04-01,C1073,Backpack,Fashion,North,Chandigarh,3,1891.0,0.15,4822.05,2714.12,2107.93,Credit Card,2025,4,2025-04,43.71,15%,0
ORD-101114,2025-04-01,C1236,Sunglasses,Fashion,South,Chennai,1,1605.0,0.0,1605.0,692.34,912.66,UPI,2025,4,2025-04,56.86,0%,0
ORD-101115,2025-04-01,C1413,Notebook Pack,Stationery,North,Delhi,6,451.0,0.15,2300.1,1515.55,784.55,UPI,2025,4,2025-04,34.11,15%,0
ORD-101116,2025-04-02,C1363,Backpack,Fashion,West,Pune,1,1755.0,0.1,1579.5,896.25,683.25,UPI,2025,4,2025-04,43.26,10%,0
ORD-101117,2025-04-02,C1146,Notebook Pack,Stationery,West,Mumbai,5,482.0,0.05,2289.5,1231.81,1057.69,Credit Card,2025,4,2025-04,46.2,5%,0
ORD-101118,2025-04-02,C1304,Notebook Pack,Stationery,North,Delhi,6,473.0,0.05,2696.1,1463.74,1232.36,UPI,2025,4,2025-04,45.71,5%,0
ORD-101119,2025-04-03,C1183,Notebook Pack,Stationery,East,Bhubaneswar,8,457.0,0.05,3473.2,2001.85,1471.35,Credit Card,2025,4,2025-04,42.36,5%,0
ORD-101120,2025-04-03,C1062,Desk Organizer,Stationery,South,Hyderabad,5,666.0,0.0,3330.0,1919.83,1410.17,Credit Card,2025,4,2025-04,42.35,0%,0
ORD-101121,2025-04-04,C1360,Denim Jacket,Fashion,West,Mumbai,4,2826.0,0.05,10738.8,5674.03,5064.77,Cash on Delivery,2025,4,2025-04,47.16,5%,0
ORD-101122,2025-04-05,C1340,Cookware Set,Home & Kitchen,North,Chandigarh,1,4042.0,0.15,3435.7,2270.68,1165.02,UPI,2025,4,2025-04,33.91,15%,0
ORD-101123,2025-04-05,C1420,Running Shoes,Fashion,West,Pune,4,3435.0,0.0,13740.0,6910.94,6829.06,Net Banking,2025,4,2025-04,49.7,0%,0
ORD-101124,2025-04-05,C1260,Headphones,Electronics,West,Mumbai,3,3497.0,0.0,10491.0,6579.29,3911.71,Cash on Delivery,2025,4,2025-04,37.29,0%,0
ORD-101125,2025-04-05,C1216,Notebook Pack,Stationery,South,Bengaluru,6,453.0,0.1,2446.2,1484.7,961.5,Debit Card,2025,4,2025-04,39.31,10%,0
ORD-101126,2025-04-06,C1031,Office Chair,Furniture,West,Ahmedabad,2,9020.0,0.1,16236.0,13992.87,2243.13,UPI,2025,4,2025-04,13.82,10%,0
ORD-101127,2025-04-06,C1283,Desk Organizer,Stationery,North,Lucknow,5,671.0,0.25,2516.25,1929.42,586.83,Credit Card,2025,4,2025-04,23.32,25%,0
ORD-101128,2025-04-06,C1312,Bookshelf,Furniture,West,Pune,1,5821.0,0.15,4947.85,4412.79,535.06,Debit Card,2025,4,2025-04,10.81,15%,0
ORD-101129,2025-04-06,C1221,Sofa Set,Furniture,West,Mumbai,1,33796.0,0.0,33796.0,27891.25,5904.75,Credit Card,2025,4,2025-04,17.47,0%,0
ORD-101130,2025-04-06,C1065,Notebook Pack,Stationery,South,Hyderabad,3,447.0,0.0,1341.0,751.32,589.68,Debit Card,2025,4,2025-04,43.97,0%,0
ORD-101131,2025-04-07,C1213,Denim Jacket,Fashion,South,Hyderabad,2,2708.0,0.25,4062.0,2960.56,1101.44,UPI,2025,4,2025-04,27.12,25%,0
ORD-101132,2025-04-08,C1132,Mixer Grinder,Home & Kitchen,West,Pune,3,4006.0,0.0,12018.0,7871.72,4146.28,UPI,2025,4,2025-04,34.5,0%,0
ORD-101133,2025-04-09,C1131,Notebook Pack,Stationery,North,Chandigarh,5,472.0,0.1,2124.0,1236.42,887.58,Debit Card,2025,4,2025-04,41.79,10%,0
ORD-101134,2025-04-09,C1189,Headphones,Electronics,North,Delhi,3,3552.0,0.15,9057.6,6632.73,2424.87,Net Banking,2025,4,2025-04,26.77,15%,0
ORD-101135,2025-04-09,C1235,Air Fryer,Home & Kitchen,North,Delhi,3,6875.0,0.05,19593.75,13245.03,6348.72,Net Banking,2025,4,2025-04,32.4,5%,0
ORD-101136,2025-04-10,C1034,Backpack,Fashion,North,Delhi,4,1763.0,0.15,5994.2,3516.01,2478.19,Credit Card,2025,4,2025-04,41.34,15%,0
ORD-101137,2025-04-11,C1394,Mixer Grinder,Home & Kitchen,West,Mumbai,1,4453.0,0.05,4230.35,2630.3,1600.05,Debit Card,2025,4,2025-04,37.82,5%,0
ORD-101138,2025-04-11,C1250,Smartwatch,Electronics,North,Delhi,3,9697.0,0.1,26181.9,19065.06,7116.84,Debit Card,2025,4,2025-04,27.18,10%,0
ORD-101139,2025-04-11,C1193,Notebook Pack,Stationery,South,Hyderabad,9,457.0,0.1,3701.7,2200.2,1501.5,Credit Card,2025,4,2025-04,40.56,10%,0
ORD-101140,2025-04-11,C1010,Notebook Pack,Stationery,South,Hyderabad,2,460.0,0.0,920.0,488.45,431.55,UPI,2025,4,2025-04,46.91,0%,0
ORD-101141,2025-04-11,C1445,Smartwatch,Electronics,West,Pune,1,9718.0,0.1,8746.2,6404.71,2341.49,Cash on Delivery,2025,4,2025-04,26.77,10%,0
ORD-101142,2025-04-11,C1018,Backpack,Fashion,South,Bengaluru,3,1876.0,0.25,4221.0,2660.8,1560.2,Credit Card,2025,4,2025-04,36.96,25%,0
ORD-101143,2025-04-11,C1173,Running Shoes,Fashion,North,Chandigarh,3,3340.0,0.2,8016.0,5371.76,2644.24,UPI,2025,4,2025-04,32.99,20%,0
ORD-101144,2025-04-12,C1346,Notebook Pack,Stationery,North,Lucknow,4,458.0,0.05,1740.4,1009.93,730.47,Credit Card,2025,4,2025-04,41.97,5%,0
ORD-101145,2025-04-12,C1140,Smartwatch,Electronics,South,Bengaluru,3,8860.0,0.0,26580.0,19064.17,7515.83,Credit Card,2025,4,2025-04,28.28,0%,0
ORD-101146,2025-04-12,C1215,Notebook Pack,Stationery,South,Hyderabad,7,482.0,0.2,2699.2,1699.79,999.41,Debit Card,2025,4,2025-04,37.03,20%,0
ORD-101147,2025-04-12,C1370,Tablet,Electronics,North,Lucknow,1,22718.0,0.0,22718.0,18620.99,4097.01,Net Banking,2025,4,2025-04,18.03,0%,0
ORD-101148,2025-04-13,C1017,Notebook Pack,Stationery,West,Ahmedabad,3,445.0,0.05,1268.25,746.31,521.94,UPI,2025,4,2025-04,41.15,5%,0
ORD-101149,2025-04-13,C1398,Sofa Set,Furniture,East,Kolkata,1,32382.0,0.05,30762.9,27462.18,3300.72,Debit Card,2025,4,2025-04,10.73,5%,0
ORD-101150,2025-04-14,C1111,Office Chair,Furniture,South,Bengaluru,2,9168.0,0.2,14668.8,14483.71,185.09,UPI,2025,4,2025-04,1.26,20%,0
ORD-101151,2025-04-14,C1079,Laptop,Electronics,East,Bhubaneswar,1,58955.0,0.1,53059.5,45237.58,7821.92,UPI,2025,4,2025-04,14.74,10%,0
ORD-101152,2025-04-14,C1083,Sunglasses,Fashion,South,Hyderabad,4,1485.0,0.2,4752.0,2759.66,1992.34,UPI,2025,4,2025-04,41.93,20%,0
ORD-101153,2025-04-14,C1265,Office Chair,Furniture,West,Pune,1,8143.0,0.1,7328.7,7050.45,278.25,UPI,2025,4,2025-04,3.8,10%,0
ORD-101154,2025-04-14,C1421,Tablet,Electronics,West,Pune,2,22012.0,0.1,39621.6,36954.73,2666.87,Debit Card,2025,4,2025-04,6.73,10%,0
ORD-101155,2025-04-15,C1035,Headphones,Electronics,North,Lucknow,1,3664.0,0.0,3664.0,2151.13,1512.87,Cash on Delivery,2025,4,2025-04,41.29,0%,0
ORD-101156,2025-04-15,C1083,Headphones,Electronics,South,Hyderabad,3,3521.0,0.0,10563.0,6568.2,3994.8,Debit Card,2025,4,2025-04,37.82,0%,0
ORD-101157,2025-04-16,C1272,Backpack,Fashion,West,Mumbai,1,1811.0,0.0,1811.0,889.9,921.1,Debit Card,2025,4,2025-04,50.86,0%,0
ORD-101158,2025-04-16,C1037,Sofa Set,Furniture,East,Kolkata,2,31835.0,0.1,57303.0,53791.64,3511.36,Debit Card,2025,4,2025-04,6.13,10%,0
ORD-101159,2025-04-16,C1284,Notebook Pack,Stationery,West,Pune,8,442.0,0.0,3536.0,2028.21,1507.79,Debit Card,2025,4,2025-04,42.64,0%,0
ORD-101160,2025-04-16,C1358,Smartphone,Electronics,South,Bengaluru,3,28443.0,0.05,81062.55,68551.49,12511.06,Credit Card,2025,4,2025-04,15.43,5%,0
ORD-101161,2025-04-17,C1403,Cookware Set,Home & Kitchen,West,Mumbai,1,3745.0,0.1,3370.5,2303.91,1066.59,Credit Card,2025,4,2025-04,31.64,10%,0
ORD-101162,2025-04-17,C1341,Running Shoes,Fashion,North,Lucknow,3,3165.0,0.0,9495.0,5294.52,4200.48,UPI,2025,4,2025-04,44.24,0%,0
ORD-101163,2025-04-17,C1025,Laptop,Electronics,North,Lucknow,3,57219.0,0.05,163074.15,129204.72,33869.43,Net Banking,2025,4,2025-04,20.77,5%,0
ORD-101164,2025-04-18,C1449,Office Chair,Furniture,West,Ahmedabad,2,8697.0,0.0,17394.0,14276.58,3117.42,UPI,2025,4,2025-04,17.92,0%,0
ORD-101165,2025-04-18,C1047,Notebook Pack,Stationery,South,Hyderabad,9,478.0,0.2,3441.6,2280.29,1161.31,UPI,2025,4,2025-04,33.74,20%,0
ORD-101166,2025-04-19,C1382,Backpack,Fashion,South,Hyderabad,4,1798.0,0.0,7192.0,3554.99,3637.01,UPI,2025,4,2025-04,50.57,0%,0
ORD-101167,2025-04-19,C1205,Pen Set,Stationery,South,Hyderabad,8,312.0,0.0,2496.0,1218.81,1277.19,UPI,2025,4,2025-04,51.17,0%,0
ORD-101168,2025-04-19,C1074,Headphones,Electronics,South,Hyderabad,3,3467.0,0.05,9880.95,6501.02,3379.93,UPI,2025,4,2025-04,34.21,5%,0
ORD-101169,2025-04-20,C1304,Smartphone,Electronics,North,Delhi,3,26686.0,0.2,64046.4,69749.41,-5703.01,Credit Card,2025,4,2025-04,-8.9,20%,1
ORD-101170,2025-04-22,C1292,Air Fryer,Home & Kitchen,South,Bengaluru,3,6962.0,0.25,15664.5,12813.41,2851.09,Credit Card,2025,4,2025-04,18.2,25%,0
ORD-101171,2025-04-22,C1001,Notebook Pack,Stationery,West,Pune,9,458.0,0.1,3709.8,2209.96,1499.84,UPI,2025,4,2025-04,40.43,10%,0
ORD-101172,2025-04-22,C1248,Smartwatch,Electronics,South,Hyderabad,2,9626.0,0.2,15401.6,12494.13,2907.47,UPI,2025,4,2025-04,18.88,20%,0
ORD-101173,2025-04-23,C1325,Notebook Pack,Stationery,South,Bengaluru,9,457.0,0.0,4113.0,2265.61,1847.39,Credit Card,2025,4,2025-04,44.92,0%,0
ORD-101174,2025-04-23,C1413,Running Shoes,Fashion,North,Delhi,2,3314.0,0.2,5302.4,3514.6,1787.8,Credit Card,2025,4,2025-04,33.72,20%,0
ORD-101175,2025-04-24,C1432,Desk Organizer,Stationery,South,Bengaluru,7,699.0,0.05,4648.35,2593.13,2055.22,Credit Card,2025,4,2025-04,44.21,5%,0
ORD-101176,2025-04-24,C1163,Desk Organizer,Stationery,South,Hyderabad,9,681.0,0.2,4903.2,3488.76,1414.44,Cash on Delivery,2025,4,2025-04,28.85,20%,0
ORD-101177,2025-04-24,C1218,Sunglasses,Fashion,West,Pune,2,1618.0,0.0,3236.0,1387.52,1848.48,Debit Card,2025,4,2025-04,57.12,0%,0
ORD-101178,2025-04-24,C1058,Backpack,Fashion,West,Mumbai,1,1830.0,0.2,1464.0,905.56,558.44,Credit Card,2025,4,2025-04,38.14,20%,0
ORD-101179,2025-04-24,C1398,Sunglasses,Fashion,East,Kolkata,4,1603.0,0.1,5770.8,2664.23,3106.57,Credit Card,2025,4,2025-04,53.83,10%,0
ORD-101180,2025-04-25,C1235,Tablet,Electronics,North,Delhi,2,22554.0,0.05,42852.6,36888.63,5963.97,UPI,2025,4,2025-04,13.92,5%,0
ORD-101181,2025-04-26,C1319,Headphones,Electronics,East,Bhubaneswar,1,3426.0,0.25,2569.5,2138.74,430.76,Cash on Delivery,2025,4,2025-04,16.76,25%,0
ORD-101182,2025-04-26,C1320,Mixer Grinder,Home & Kitchen,South,Chennai,1,4296.0,0.0,4296.0,2743.97,1552.03,Net Banking,2025,4,2025-04,36.13,0%,0
ORD-101183,2025-04-26,C1342,Running Shoes,Fashion,North,Lucknow,1,3266.0,0.15,2776.1,1711.53,1064.57,Net Banking,2025,4,2025-04,38.35,15%,0
ORD-101184,2025-04-26,C1332,Desk Organizer,Stationery,East,Bhubaneswar,10,628.0,0.15,5338.0,3803.36,1534.64,UPI,2025,4,2025-04,28.75,15%,0
ORD-101185,2025-04-27,C1251,Pen Set,Stationery,North,Delhi,8,318.0,0.0,2544.0,1234.2,1309.8,Credit Card,2025,4,2025-04,51.49,0%,0
ORD-101186,2025-04-27,C1178,Backpack,Fashion,South,Bengaluru,3,1742.0,0.1,4703.4,2688.79,2014.61,Cash on Delivery,2025,4,2025-04,42.83,10%,0
ORD-101187,2025-04-28,C1343,Desk Organizer,Stationery,South,Chennai,7,638.0,0.0,4466.0,2690.68,1775.32,Credit Card,2025,4,2025-04,39.75,0%,0
ORD-101188,2025-04-28,C1170,Desk Organizer,Stationery,North,Delhi,8,640.0,0.25,3840.0,3021.55,818.45,Net Banking,2025,4,2025-04,21.31,25%,0
ORD-101189,2025-04-28,C1229,Pen Set,Stationery,West,Pune,2,303.0,0.15,515.1,308.36,206.74,UPI,2025,4,2025-04,40.14,15%,0
ORD-101190,2025-04-28,C1127,Cookware Set,Home & Kitchen,South,Bengaluru,2,3912.0,0.15,6650.4,4665.74,1984.66,Credit Card,2025,4,2025-04,29.84,15%,0
ORD-101191,2025-04-28,C1113,Running Shoes,Fashion,South,Bengaluru,1,3096.0,0.2,2476.8,1751.43,725.37,UPI,2025,4,2025-04,29.29,20%,0
ORD-101192,2025-04-29,C1097,Cookware Set,Home & Kitchen,South,Hyderabad,2,3737.0,0.2,5979.2,4445.52,1533.68,Credit Card,2025,4,2025-04,25.65,20%,0
ORD-101193,2025-04-29,C1103,Sunglasses,Fashion,South,Bengaluru,2,1480.0,0.05,2812.0,1382.28,1429.72,Credit Card,2025,4,2025-04,50.84,5%,0
ORD-101194,2025-04-30,C1173,Denim Jacket,Fashion,North,Chandigarh,1,3011.0,0.0,3011.0,1488.49,1522.51,UPI,2025,4,2025-04,50.56,0%,0
ORD-101195,2025-05-01,C1141,Desk Organizer,Stationery,East,Patna,9,625.0,0.0,5625.0,3444.5,2180.5,Debit Card,2025,5,2025-05,38.76,0%,0
ORD-101196,2025-05-01,C1088,Air Fryer,Home & Kitchen,West,Mumbai,2,6774.0,0.0,13548.0,8836.72,4711.28,Debit Card,2025,5,2025-05,34.77,0%,0
ORD-101197,2025-05-01,C1390,Sunglasses,Fashion,West,Pune,3,1540.0,0.0,4620.0,2046.64,2573.36,UPI,2025,5,2025-05,55.7,0%,0
ORD-101198,2025-05-01,C1366,Smartphone,Electronics,West,Mumbai,2,26789.0,0.1,48220.2,44974.2,3246.0,Credit Card,2025,5,2025-05,6.73,10%,0
ORD-101199,2025-05-02,C1043,Pen Set,Stationery,West,Pune,9,311.0,0.2,2239.2,1323.49,915.71,Debit Card,2025,5,2025-05,40.89,20%,0
ORD-101200,2025-05-02,C1190,Denim Jacket,Fashion,South,Bengaluru,3,2792.0,0.05,7957.2,4373.23,3583.97,UPI,2025,5,2025-05,45.04,5%,0
ORD-101201,2025-05-02,C1292,Denim Jacket,Fashion,South,Bengaluru,2,2841.0,0.05,5397.9,2902.03,2495.87,Debit Card,2025,5,2025-05,46.24,5%,0
ORD-101202,2025-05-02,C1245,Pen Set,Stationery,West,Mumbai,2,311.0,0.0,622.0,308.18,313.82,UPI,2025,5,2025-05,50.45,0%,0
ORD-101203,2025-05-02,C1101,Running Shoes,Fashion,West,Mumbai,4,3075.0,0.0,12300.0,6948.21,5351.79,UPI,2025,5,2025-05,43.51,0%,0
ORD-101204,2025-05-03,C1350,Desk Organizer,Stationery,North,Chandigarh,8,696.0,0.2,4454.4,3089.52,1364.88,Credit Card,2025,5,2025-05,30.64,20%,0
ORD-101205,2025-05-03,C1147,Smartwatch,Electronics,South,Hyderabad,2,8892.0,0.0,17784.0,12329.38,5454.62,Debit Card,2025,5,2025-05,30.67,0%,0
ORD-101206,2025-05-03,C1023,Headphones,Electronics,South,Bengaluru,3,3375.0,0.1,9112.5,6369.12,2743.38,UPI,2025,5,2025-05,30.11,10%,0
ORD-101207,2025-05-04,C1336,Tablet,Electronics,South,Hyderabad,1,21473.0,0.2,17178.4,19122.23,-1943.83,UPI,2025,5,2025-05,-11.32,20%,1
ORD-101208,2025-05-04,C1086,Study Desk,Furniture,North,Delhi,1,7827.0,0.0,7827.0,6155.32,1671.68,Net Banking,2025,5,2025-05,21.36,0%,0
ORD-101209,2025-05-04,C1005,Sunglasses,Fashion,West,Ahmedabad,1,1597.0,0.15,1357.45,657.66,699.79,Debit Card,2025,5,2025-05,51.55,15%,0
ORD-101210,2025-05-05,C1430,Notebook Pack,Stationery,East,Kolkata,8,461.0,0.05,3503.6,1971.14,1532.46,Debit Card,2025,5,2025-05,43.74,5%,0
ORD-101211,2025-05-05,C1267,Pen Set,Stationery,South,Bengaluru,9,294.0,0.1,2381.4,1379.53,1001.87,UPI,2025,5,2025-05,42.07,10%,0
ORD-101212,2025-05-05,C1423,Running Shoes,Fashion,South,Hyderabad,1,3249.0,0.0,3249.0,1744.55,1504.45,Credit Card,2025,5,2025-05,46.31,0%,0
ORD-101213,2025-05-06,C1296,Headphones,Electronics,North,Lucknow,1,3594.0,0.1,3234.6,2107.07,1127.53,UPI,2025,5,2025-05,34.86,10%,0
ORD-101214,2025-05-07,C1045,Smartwatch,Electronics,South,Hyderabad,2,9411.0,0.0,18822.0,12727.15,6094.85,UPI,2025,5,2025-05,32.38,0%,0
ORD-101215,2025-05-07,C1074,Headphones,Electronics,South,Hyderabad,3,3556.0,0.15,9067.8,6364.92,2702.88,Credit Card,2025,5,2025-05,29.81,15%,0
ORD-101216,2025-05-08,C1140,Notebook Pack,Stationery,South,Bengaluru,7,432.0,0.0,3024.0,1690.04,1333.96,Cash on Delivery,2025,5,2025-05,44.11,0%,0
ORD-101217,2025-05-08,C1231,Running Shoes,Fashion,West,Ahmedabad,3,3360.0,0.1,9072.0,5145.89,3926.11,Credit Card,2025,5,2025-05,43.28,10%,0
ORD-101218,2025-05-08,C1110,Headphones,Electronics,South,Bengaluru,2,3458.0,0.1,6224.4,4385.34,1839.06,Debit Card,2025,5,2025-05,29.55,10%,0
ORD-101219,2025-05-08,C1448,Smartphone,Electronics,South,Bengaluru,3,26798.0,0.15,68334.9,69259.23,-924.33,Credit Card,2025,5,2025-05,-1.35,15%,1
ORD-101220,2025-05-09,C1331,Notebook Pack,Stationery,South,Bengaluru,9,436.0,0.15,3335.4,2171.17,1164.23,Credit Card,2025,5,2025-05,34.91,15%,0
ORD-101221,2025-05-09,C1369,Mixer Grinder,Home & Kitchen,North,Delhi,3,4243.0,0.05,12092.55,7943.14,4149.41,Credit Card,2025,5,2025-05,34.31,5%,0
ORD-101222,2025-05-10,C1350,Denim Jacket,Fashion,North,Chandigarh,1,2747.0,0.0,2747.0,1453.74,1293.26,UPI,2025,5,2025-05,47.08,0%,0
ORD-101223,2025-05-10,C1159,Tablet,Electronics,West,Ahmedabad,1,22295.0,0.1,20065.5,19124.58,940.92,Credit Card,2025,5,2025-05,4.69,10%,0
ORD-101224,2025-05-10,C1030,Study Desk,Furniture,West,Mumbai,1,7258.0,0.1,6532.2,6066.14,466.06,UPI,2025,5,2025-05,7.13,10%,0
ORD-101225,2025-05-10,C1143,Smartwatch,Electronics,West,Mumbai,1,8924.0,0.0,8924.0,6134.63,2789.37,UPI,2025,5,2025-05,31.26,0%,0
ORD-101226,2025-05-11,C1056,Headphones,Electronics,North,Lucknow,3,3510.0,0.0,10530.0,6350.53,4179.47,Credit Card,2025,5,2025-05,39.69,0%,0
ORD-101227,2025-05-11,C1037,Backpack,Fashion,East,Kolkata,4,1912.0,0.25,5736.0,3693.21,2042.79,Credit Card,2025,5,2025-05,35.61,25%,0
ORD-101228,2025-05-11,C1375,Tablet,Electronics,South,Hyderabad,1,21933.0,0.0,21933.0,18757.9,3175.1,Credit Card,2025,5,2025-05,14.48,0%,0
ORD-101229,2025-05-12,C1326,Pen Set,Stationery,South,Bengaluru,10,319.0,0.1,2871.0,1500.02,1370.98,Cash on Delivery,2025,5,2025-05,47.75,10%,0
ORD-101230,2025-05-12,C1381,Desk Organizer,Stationery,South,Hyderabad,8,683.0,0.1,4917.6,2972.52,1945.08,Net Banking,2025,5,2025-05,39.55,10%,0
ORD-101231,2025-05-13,C1102,Laptop,Electronics,North,Lucknow,1,55137.0,0.1,49623.3,43144.15,6479.15,UPI,2025,5,2025-05,13.06,10%,0
ORD-101232,2025-05-13,C1157,Tablet,Electronics,West,Ahmedabad,2,20940.0,0.1,37692.0,36833.9,858.1,UPI,2025,5,2025-05,2.28,10%,0
ORD-101233,2025-05-13,C1226,Sofa Set,Furniture,North,Lucknow,2,33977.0,0.05,64556.3,55674.16,8882.14,UPI,2025,5,2025-05,13.76,5%,0
ORD-101234,2025-05-13,C1433,Notebook Pack,Stationery,East,Bhubaneswar,2,463.0,0.25,694.5,492.42,202.08,Credit Card,2025,5,2025-05,29.1,25%,0
ORD-101235,2025-05-13,C1018,Headphones,Electronics,South,Bengaluru,2,3436.0,0.05,6528.4,4266.46,2261.94,Credit Card,2025,5,2025-05,34.65,5%,0
ORD-101236,2025-05-13,C1147,Smartwatch,Electronics,South,Hyderabad,2,8779.0,0.1,15802.2,12612.53,3189.67,Debit Card,2025,5,2025-05,20.18,10%,0
ORD-101237,2025-05-13,C1188,Smartphone,Electronics,North,Delhi,1,30120.0,0.05,28614.0,22326.85,6287.15,UPI,2025,5,2025-05,21.97,5%,0
ORD-101238,2025-05-14,C1071,Denim Jacket,Fashion,East,Patna,1,2849.0,0.2,2279.2,1429.83,849.37,UPI,2025,5,2025-05,37.27,20%,0
ORD-101239,2025-05-14,C1204,Notebook Pack,Stationery,South,Hyderabad,2,479.0,0.1,862.2,507.57,354.63,UPI,2025,5,2025-05,41.13,10%,0
ORD-101240,2025-05-15,C1282,Notebook Pack,Stationery,North,Delhi,4,475.0,0.0,1900.0,986.08,913.92,UPI,2025,5,2025-05,48.1,0%,0
ORD-101241,2025-05-15,C1031,Desk Organizer,Stationery,West,Ahmedabad,2,623.0,0.0,1246.0,758.39,487.61,UPI,2025,5,2025-05,39.13,0%,0
ORD-101242,2025-05-15,C1088,Mixer Grinder,Home & Kitchen,West,Mumbai,3,4241.0,0.1,11450.7,7983.51,3467.19,UPI,2025,5,2025-05,30.28,10%,0
ORD-101243,2025-05-15,C1317,Headphones,Electronics,South,Bengaluru,2,3402.0,0.05,6463.8,4328.12,2135.68,Debit Card,2025,5,2025-05,33.04,5%,0
ORD-101244,2025-05-16,C1391,Denim Jacket,Fashion,East,Bhubaneswar,2,2907.0,0.15,4941.9,2949.8,1992.1,UPI,2025,5,2025-05,40.31,15%,0
ORD-101245,2025-05-16,C1352,Desk Organizer,Stationery,West,Ahmedabad,8,666.0,0.0,5328.0,3036.69,2291.31,Credit Card,2025,5,2025-05,43.01,0%,0
ORD-101246,2025-05-16,C1167,Air Fryer,Home & Kitchen,South,Bengaluru,1,6608.0,0.0,6608.0,4201.25,2406.75,UPI,2025,5,2025-05,36.42,0%,0
ORD-101247,2025-05-16,C1247,Notebook Pack,Stationery,West,Ahmedabad,3,483.0,0.15,1231.65,742.9,488.75,Net Banking,2025,5,2025-05,39.68,15%,0
ORD-101248,2025-05-16,C1323,Desk Organizer,Stationery,South,Hyderabad,8,626.0,0.1,4507.2,2947.31,1559.89,UPI,2025,5,2025-05,34.61,10%,0
ORD-101249,2025-05-18,C1375,Air Fryer,Home & Kitchen,South,Hyderabad,1,6309.0,0.2,5047.2,4195.33,851.87,UPI,2025,5,2025-05,16.88,20%,0
ORD-101250,2025-05-18,C1381,Cookware Set,Home & Kitchen,South,Hyderabad,1,3864.0,0.1,3477.6,2257.68,1219.92,UPI,2025,5,2025-05,35.08,10%,0
ORD-101251,2025-05-18,C1381,Notebook Pack,Stationery,South,Hyderabad,1,446.0,0.0,446.0,240.83,205.17,UPI,2025,5,2025-05,46.0,0%,0
ORD-101252,2025-05-18,C1353,Laptop,Electronics,West,Pune,1,54080.0,0.1,48672.0,44114.02,4557.98,Net Banking,2025,5,2025-05,9.36,10%,0
ORD-101253,2025-05-18,C1165,Desk Organizer,Stationery,East,Kolkata,7,625.0,0.0,4375.0,2595.13,1779.87,UPI,2025,5,2025-05,40.68,0%,0
ORD-101254,2025-05-19,C1003,Pen Set,Stationery,East,Kolkata,8,304.0,0.05,2310.4,1211.0,1099.4,UPI,2025,5,2025-05,47.58,5%,0
ORD-101255,2025-05-19,C1329,Pen Set,Stationery,East,Bhubaneswar,8,302.0,0.15,2053.6,1218.51,835.09,Credit Card,2025,5,2025-05,40.66,15%,0
ORD-101256,2025-05-19,C1020,Running Shoes,Fashion,East,Kolkata,2,3074.0,0.0,6148.0,3419.56,2728.44,UPI,2025,5,2025-05,44.38,0%,0
ORD-101257,2025-05-19,C1358,Pen Set,Stationery,South,Bengaluru,6,318.0,0.1,1717.2,879.69,837.51,Debit Card,2025,5,2025-05,48.77,10%,0
ORD-101258,2025-05-19,C1230,Study Desk,Furniture,West,Pune,2,8056.0,0.2,12889.6,11807.9,1081.7,Debit Card,2025,5,2025-05,8.39,20%,0
ORD-101259,2025-05-19,C1014,Headphones,Electronics,West,Pune,3,3338.0,0.1,9012.6,6456.61,2555.99,UPI,2025,5,2025-05,28.36,10%,0
ORD-101260,2025-05-20,C1236,Desk Organizer,Stationery,South,Chennai,2,651.0,0.05,1236.9,754.9,482.0,Credit Card,2025,5,2025-05,38.97,5%,0
ORD-101261,2025-05-20,C1398,Mixer Grinder,Home & Kitchen,East,Kolkata,1,4155.0,0.0,4155.0,2746.03,1408.97,UPI,2025,5,2025-05,33.91,0%,0
ORD-101262,2025-05-21,C1450,Study Desk,Furniture,East,Patna,1,7695.0,0.0,7695.0,5915.59,1779.41,UPI,2025,5,2025-05,23.12,0%,0
ORD-101263,2025-05-22,C1191,Desk Organizer,Stationery,South,Bengaluru,6,637.0,0.05,3630.9,2201.6,1429.3,Net Banking,2025,5,2025-05,39.36,5%,0
ORD-101264,2025-05-22,C1404,Laptop,Electronics,West,Ahmedabad,2,57912.0,0.0,115824.0,89180.67,26643.33,Debit Card,2025,5,2025-05,23.0,0%,0
ORD-101265,2025-05-23,C1256,Mixer Grinder,Home & Kitchen,South,Hyderabad,1,4017.0,0.15,3414.45,2624.39,790.06,UPI,2025,5,2025-05,23.14,15%,0
ORD-101266,2025-05-24,C1075,Backpack,Fashion,North,Lucknow,1,1895.0,0.15,1610.75,918.48,692.27,UPI,2025,5,2025-05,42.98,15%,0
ORD-101267,2025-05-24,C1380,Denim Jacket,Fashion,South,Chennai,4,2792.0,0.1,10051.2,5770.61,4280.59,UPI,2025,5,2025-05,42.59,10%,0
ORD-101268,2025-05-24,C1059,Mixer Grinder,Home & Kitchen,South,Hyderabad,3,4460.0,0.1,12042.0,7876.03,4165.97,Debit Card,2025,5,2025-05,34.6,10%,0
ORD-101269,2025-05-24,C1094,Denim Jacket,Fashion,South,Bengaluru,2,3010.0,0.1,5418.0,2972.95,2445.05,Credit Card,2025,5,2025-05,45.13,10%,0
ORD-101270,2025-05-24,C1086,Denim Jacket,Fashion,North,Delhi,3,2716.0,0.05,7740.6,4356.46,3384.14,Debit Card,2025,5,2025-05,43.72,5%,0
ORD-101271,2025-05-24,C1264,Denim Jacket,Fashion,South,Bengaluru,1,2963.0,0.05,2814.85,1491.11,1323.74,Net Banking,2025,5,2025-05,47.03,5%,0
ORD-101272,2025-05-25,C1151,Smartphone,Electronics,West,Pune,3,27397.0,0.1,73971.9,69108.54,4863.36,Credit Card,2025,5,2025-05,6.57,10%,0
ORD-101273,2025-05-26,C1151,Notebook Pack,Stationery,West,Pune,10,450.0,0.25,3375.0,2516.04,858.96,UPI,2025,5,2025-05,25.45,25%,0
ORD-101274,2025-05-27,C1096,Headphones,Electronics,South,Hyderabad,3,3517.0,0.0,10551.0,6666.65,3884.35,Debit Card,2025,5,2025-05,36.81,0%,0
ORD-101275,2025-05-27,C1122,Denim Jacket,Fashion,South,Hyderabad,2,2799.0,0.1,5038.2,2840.25,2197.95,Net Banking,2025,5,2025-05,43.63,10%,0
ORD-101276,2025-05-27,C1118,Headphones,Electronics,South,Bengaluru,2,3777.0,0.0,7554.0,4236.14,3317.86,Debit Card,2025,5,2025-05,43.92,0%,0
ORD-101277,2025-05-27,C1043,Running Shoes,Fashion,West,Pune,3,3042.0,0.1,8213.4,5194.75,3018.65,Debit Card,2025,5,2025-05,36.75,10%,0
ORD-101278,2025-05-28,C1065,Pen Set,Stationery,South,Hyderabad,1,298.0,0.0,298.0,148.08,149.92,UPI,2025,5,2025-05,50.31,0%,0
ORD-101279,2025-05-28,C1155,Notebook Pack,Stationery,South,Bengaluru,10,456.0,0.15,3876.0,2445.48,1430.52,UPI,2025,5,2025-05,36.91,15%,0
ORD-101280,2025-05-28,C1144,Desk Organizer,Stationery,West,Ahmedabad,7,674.0,0.1,4246.2,2641.22,1604.98,UPI,2025,5,2025-05,37.8,10%,0
ORD-101281,2025-05-29,C1216,Headphones,Electronics,South,Bengaluru,1,3557.0,0.1,3201.3,2223.65,977.65,Cash on Delivery,2025,5,2025-05,30.54,10%,0
ORD-101282,2025-05-30,C1037,Cookware Set,Home & Kitchen,East,Kolkata,3,3810.0,0.1,10287.0,6877.02,3409.98,UPI,2025,5,2025-05,33.15,10%,0
ORD-101283,2025-05-30,C1157,Sunglasses,Fashion,West,Ahmedabad,2,1491.0,0.05,2832.9,1352.22,1480.68,Credit Card,2025,5,2025-05,52.27,5%,0
ORD-101284,2025-05-31,C1096,Sunglasses,Fashion,South,Hyderabad,4,1542.0,0.05,5859.6,2725.11,3134.49,UPI,2025,5,2025-05,53.49,5%,0
ORD-101285,2025-05-31,C1345,Desk Organizer,Stationery,South,Bengaluru,1,653.0,0.05,620.35,382.0,238.35,Debit Card,2025,5,2025-05,38.42,5%,0
ORD-101286,2025-05-31,C1400,Cookware Set,Home & Kitchen,East,Patna,1,3835.0,0.1,3451.5,2272.0,1179.5,Debit Card,2025,5,2025-05,34.17,10%,0
ORD-101287,2025-05-31,C1348,Backpack,Fashion,South,Hyderabad,3,1711.0,0.0,5133.0,2772.15,2360.85,Credit Card,2025,5,2025-05,45.99,0%,0
ORD-101288,2025-06-01,C1178,Running Shoes,Fashion,South,Bengaluru,1,3228.0,0.2,2582.4,1808.82,773.58,Net Banking,2025,6,2025-06,29.96,20%,0
ORD-101289,2025-06-01,C1091,Pen Set,Stationery,North,Delhi,4,295.0,0.1,1062.0,589.3,472.7,Debit Card,2025,6,2025-06,44.51,10%,0
ORD-101290,2025-06-01,C1118,Smartwatch,Electronics,South,Bengaluru,2,8909.0,0.15,15145.3,12775.46,2369.84,Credit Card,2025,6,2025-06,15.65,15%,0
ORD-101291,2025-06-01,C1365,Notebook Pack,Stationery,South,Bengaluru,7,450.0,0.0,3150.0,1732.84,1417.16,UPI,2025,6,2025-06,44.99,0%,0
ORD-101292,2025-06-01,C1230,Denim Jacket,Fashion,West,Pune,4,2689.0,0.05,10218.2,5877.0,4341.2,Credit Card,2025,6,2025-06,42.48,5%,0
ORD-101293,2025-06-01,C1044,Smartphone,Electronics,South,Chennai,3,27879.0,0.2,66909.6,68093.17,-1183.57,Debit Card,2025,6,2025-06,-1.77,20%,1
ORD-101294,2025-06-02,C1443,Sunglasses,Fashion,North,Lucknow,4,1443.0,0.1,5194.8,2714.99,2479.81,UPI,2025,6,2025-06,47.74,10%,0
ORD-101295,2025-06-03,C1025,Smartphone,Electronics,North,Lucknow,3,28251.0,0.1,76277.7,67561.51,8716.19,Net Banking,2025,6,2025-06,11.43,10%,0
ORD-101296,2025-06-03,C1434,Running Shoes,Fashion,South,Bengaluru,3,3089.0,0.15,7876.95,5409.36,2467.59,Net Banking,2025,6,2025-06,31.33,15%,0
ORD-101297,2025-06-03,C1162,Notebook Pack,Stationery,North,Lucknow,1,469.0,0.05,445.55,254.82,190.73,UPI,2025,6,2025-06,42.81,5%,0
ORD-101298,2025-06-04,C1406,Denim Jacket,Fashion,West,Mumbai,3,2765.0,0.0,8295.0,4318.2,3976.8,Debit Card,2025,6,2025-06,47.94,0%,0
ORD-101299,2025-06-04,C1049,Pen Set,Stationery,West,Mumbai,10,309.0,0.1,2781.0,1515.4,1265.6,Cash on Delivery,2025,6,2025-06,45.51,10%,0
ORD-101300,2025-06-04,C1134,Running Shoes,Fashion,West,Mumbai,3,3282.0,0.05,9353.7,5271.69,4082.01,UPI,2025,6,2025-06,43.64,5%,0
ORD-101301,2025-06-04,C1421,Headphones,Electronics,West,Pune,2,3356.0,0.15,5705.2,4212.89,1492.31,UPI,2025,6,2025-06,26.16,15%,0
ORD-101302,2025-06-04,C1225,Running Shoes,Fashion,North,Chandigarh,3,3182.0,0.1,8591.4,5193.32,3398.08,UPI,2025,6,2025-06,39.55,10%,0
ORD-101303,2025-06-04,C1155,Laptop,Electronics,South,Bengaluru,1,54836.0,0.0,54836.0,44079.37,10756.63,Credit Card,2025,6,2025-06,19.62,0%,0
ORD-101304,2025-06-05,C1286,Air Fryer,Home & Kitchen,North,Lucknow,3,6182.0,0.1,16691.4,12732.85,3958.55,Debit Card,2025,6,2025-06,23.72,10%,0
ORD-101305,2025-06-05,C1320,Smartwatch,Electronics,South,Chennai,3,9282.0,0.0,27846.0,19091.84,8754.16,Debit Card,2025,6,2025-06,31.44,0%,0
ORD-101306,2025-06-07,C1153,Backpack,Fashion,East,Patna,3,1749.0,0.0,5247.0,2742.74,2504.26,Credit Card,2025,6,2025-06,47.73,0%,0
ORD-101307,2025-06-07,C1331,Cookware Set,Home & Kitchen,South,Bengaluru,1,3943.0,0.1,3548.7,2282.52,1266.18,UPI,2025,6,2025-06,35.68,10%,0
ORD-101308,2025-06-08,C1434,Pen Set,Stationery,South,Bengaluru,7,303.0,0.2,1696.8,1081.37,615.43,Credit Card,2025,6,2025-06,36.27,20%,0
ORD-101309,2025-06-08,C1288,Cookware Set,Home & Kitchen,West,Ahmedabad,3,3727.0,0.05,10621.95,6957.87,3664.08,UPI,2025,6,2025-06,34.5,5%,0
ORD-101310,2025-06-08,C1293,Notebook Pack,Stationery,West,Pune,1,468.0,0.0,468.0,247.06,220.94,UPI,2025,6,2025-06,47.21,0%,0
ORD-101311,2025-06-08,C1042,Office Chair,Furniture,South,Chennai,2,8215.0,0.1,14787.0,14229.63,557.37,UPI,2025,6,2025-06,3.77,10%,0
ORD-101312,2025-06-08,C1232,Pen Set,Stationery,South,Hyderabad,3,321.0,0.1,866.7,436.93,429.77,Cash on Delivery,2025,6,2025-06,49.59,10%,0
ORD-101313,2025-06-09,C1284,Pen Set,Stationery,West,Pune,5,306.0,0.05,1453.5,762.11,691.39,Credit Card,2025,6,2025-06,47.57,5%,0
ORD-101314,2025-06-10,C1028,Smartwatch,Electronics,West,Pune,2,8698.0,0.0,17396.0,12500.01,4895.99,Cash on Delivery,2025,6,2025-06,28.14,0%,0
ORD-101315,2025-06-10,C1143,Office Chair,Furniture,West,Mumbai,1,8321.0,0.1,7488.9,7153.76,335.14,Cash on Delivery,2025,6,2025-06,4.48,10%,0
ORD-101316,2025-06-10,C1376,Desk Organizer,Stationery,East,Patna,6,686.0,0.05,3910.2,2272.83,1637.37,UPI,2025,6,2025-06,41.87,5%,0
ORD-101317,2025-06-10,C1078,Notebook Pack,Stationery,West,Ahmedabad,10,440.0,0.1,3960.0,2503.0,1457.0,UPI,2025,6,2025-06,36.79,10%,0
ORD-101318,2025-06-11,C1170,Backpack,Fashion,North,Delhi,1,1895.0,0.0,1895.0,875.62,1019.38,Debit Card,2025,6,2025-06,53.79,0%,0
ORD-101319,2025-06-11,C1373,Sunglasses,Fashion,East,Patna,3,1540.0,0.0,4620.0,2012.6,2607.4,Cash on Delivery,2025,6,2025-06,56.44,0%,0
ORD-101320,2025-06-11,C1357,Headphones,Electronics,North,Lucknow,3,3330.0,0.05,9490.5,6374.62,3115.88,Credit Card,2025,6,2025-06,32.83,5%,0
ORD-101321,2025-06-12,C1017,Notebook Pack,Stationery,West,Ahmedabad,4,437.0,0.0,1748.0,983.06,764.94,Cash on Delivery,2025,6,2025-06,43.76,0%,0
ORD-101322,2025-06-12,C1187,Headphones,Electronics,West,Pune,2,3533.0,0.0,7066.0,4282.32,2783.68,Debit Card,2025,6,2025-06,39.4,0%,0
ORD-101323,2025-06-12,C1365,Mixer Grinder,Home & Kitchen,South,Bengaluru,1,4211.0,0.2,3368.8,2744.66,624.14,Cash on Delivery,2025,6,2025-06,18.53,20%,0
ORD-101324,2025-06-12,C1445,Study Desk,Furniture,West,Pune,2,7921.0,0.15,13465.7,12120.66,1345.04,Cash on Delivery,2025,6,2025-06,9.99,15%,0
ORD-101325,2025-06-13,C1332,Denim Jacket,Fashion,East,Bhubaneswar,4,2914.0,0.15,9907.6,5715.94,4191.66,UPI,2025,6,2025-06,42.31,15%,0
ORD-101326,2025-06-13,C1334,Running Shoes,Fashion,West,Pune,3,3338.0,0.15,8511.9,5371.4,3140.5,Credit Card,2025,6,2025-06,36.9,15%,0
ORD-101327,2025-06-13,C1284,Headphones,Electronics,West,Pune,2,3729.0,0.2,5966.4,4469.95,1496.45,UPI,2025,6,2025-06,25.08,20%,0
ORD-101328,2025-06-14,C1240,Cookware Set,Home & Kitchen,East,Bhubaneswar,2,3835.0,0.0,7670.0,4490.48,3179.52,UPI,2025,6,2025-06,41.45,0%,0
ORD-101329,2025-06-14,C1064,Mixer Grinder,Home & Kitchen,East,Kolkata,2,4226.0,0.05,8029.4,5490.49,2538.91,Credit Card,2025,6,2025-06,31.62,5%,0
ORD-101330,2025-06-14,C1448,Smartphone,Electronics,South,Bengaluru,2,29676.0,0.1,53416.8,46626.22,6790.58,UPI,2025,6,2025-06,12.71,10%,0
ORD-101331,2025-06-14,C1095,Notebook Pack,Stationery,South,Chennai,4,456.0,0.15,1550.4,974.91,575.49,UPI,2025,6,2025-06,37.12,15%,0
ORD-101332,2025-06-15,C1322,Headphones,Electronics,East,Kolkata,1,3460.0,0.05,3287.0,2148.16,1138.84,Debit Card,2025,6,2025-06,34.65,5%,0
ORD-101333,2025-06-15,C1423,Tablet,Electronics,South,Hyderabad,1,21819.0,0.0,21819.0,18221.96,3597.04,Credit Card,2025,6,2025-06,16.49,0%,0
ORD-101334,2025-06-16,C1398,Office Chair,Furniture,East,Kolkata,1,8646.0,0.0,8646.0,7119.12,1526.88,UPI,2025,6,2025-06,17.66,0%,0
ORD-101335,2025-06-16,C1135,Smartwatch,Electronics,West,Pune,2,8677.0,0.2,13883.2,12726.1,1157.1,Cash on Delivery,2025,6,2025-06,8.33,20%,0
ORD-101336,2025-06-17,C1385,Office Chair,Furniture,West,Mumbai,1,8475.0,0.0,8475.0,7270.54,1204.46,UPI,2025,6,2025-06,14.21,0%,0
ORD-101337,2025-06-17,C1368,Running Shoes,Fashion,North,Chandigarh,4,3297.0,0.05,12528.6,6860.5,5668.1,Cash on Delivery,2025,6,2025-06,45.24,5%,0
ORD-101338,2025-06-19,C1114,Smartwatch,Electronics,South,Hyderabad,2,8826.0,0.2,14121.6,12799.35,1322.25,Credit Card,2025,6,2025-06,9.36,20%,0
ORD-101339,2025-06-19,C1025,Desk Organizer,Stationery,North,Lucknow,6,693.0,0.05,3950.1,2201.47,1748.63,Cash on Delivery,2025,6,2025-06,44.27,5%,0
ORD-101340,2025-06-20,C1260,Pen Set,Stationery,West,Mumbai,1,293.0,0.0,293.0,149.55,143.45,UPI,2025,6,2025-06,48.96,0%,0
ORD-101341,2025-06-20,C1294,Laptop,Electronics,West,Pune,3,56636.0,0.05,161412.6,130770.09,30642.51,Credit Card,2025,6,2025-06,18.98,5%,0
ORD-101342,2025-06-21,C1279,Smartwatch,Electronics,West,Ahmedabad,3,9451.0,0.0,28353.0,18694.05,9658.95,Net Banking,2025,6,2025-06,34.07,0%,0
ORD-101343,2025-06-21,C1235,Backpack,Fashion,North,Delhi,4,1879.0,0.0,7516.0,3665.66,3850.34,Cash on Delivery,2025,6,2025-06,51.23,0%,0
ORD-101344,2025-06-22,C1053,Smartphone,Electronics,South,Chennai,2,29155.0,0.1,52479.0,45596.31,6882.69,Credit Card,2025,6,2025-06,13.12,10%,0
ORD-101345,2025-06-22,C1224,Cookware Set,Home & Kitchen,East,Kolkata,1,3679.0,0.05,3495.05,2337.85,1157.2,Credit Card,2025,6,2025-06,33.11,5%,0
ORD-101346,2025-06-23,C1408,Running Shoes,Fashion,East,Bhubaneswar,1,3202.0,0.05,3041.9,1719.5,1322.4,Debit Card,2025,6,2025-06,43.47,5%,0
ORD-101347,2025-06-23,C1356,Air Fryer,Home & Kitchen,East,Bhubaneswar,1,6450.0,0.0,6450.0,4409.56,2040.44,UPI,2025,6,2025-06,31.63,0%,0
ORD-101348,2025-06-25,C1316,Mixer Grinder,Home & Kitchen,North,Delhi,2,4076.0,0.05,7744.4,5228.63,2515.77,Credit Card,2025,6,2025-06,32.49,5%,0
ORD-101349,2025-06-25,C1190,Desk Organizer,Stationery,South,Bengaluru,2,701.0,0.05,1331.9,772.18,559.72,Net Banking,2025,6,2025-06,42.02,5%,0
ORD-101350,2025-06-26,C1304,Sofa Set,Furniture,North,Delhi,1,34086.0,0.15,28973.1,27732.14,1240.96,UPI,2025,6,2025-06,4.28,15%,0
ORD-101351,2025-06-26,C1274,Smartphone,Electronics,East,Patna,3,28421.0,0.0,85263.0,68434.02,16828.98,Credit Card,2025,6,2025-06,19.74,0%,0
ORD-101352,2025-06-27,C1173,Running Shoes,Fashion,North,Chandigarh,1,3088.0,0.2,2470.4,1771.53,698.87,UPI,2025,6,2025-06,28.29,20%,0
ORD-101353,2025-06-27,C1184,Denim Jacket,Fashion,South,Hyderabad,1,2879.0,0.1,2591.1,1473.29,1117.81,UPI,2025,6,2025-06,43.14,10%,0
ORD-101354,2025-06-27,C1010,Bookshelf,Furniture,South,Hyderabad,2,5550.0,0.05,10545.0,8700.63,1844.37,UPI,2025,6,2025-06,17.49,5%,0
ORD-101355,2025-06-27,C1137,Mixer Grinder,Home & Kitchen,North,Delhi,1,4199.0,0.0,4199.0,2662.64,1536.36,Credit Card,2025,6,2025-06,36.59,0%,0
ORD-101356,2025-06-28,C1092,Cookware Set,Home & Kitchen,South,Hyderabad,3,4078.0,0.25,9175.5,6970.88,2204.62,UPI,2025,6,2025-06,24.03,25%,0
ORD-101357,2025-06-28,C1038,Air Fryer,Home & Kitchen,South,Hyderabad,1,6911.0,0.0,6911.0,4245.58,2665.42,Net Banking,2025,6,2025-06,38.57,0%,0
ORD-101358,2025-06-28,C1230,Pen Set,Stationery,West,Pune,6,304.0,0.15,1550.4,917.61,632.79,Debit Card,2025,6,2025-06,40.81,15%,0
ORD-101359,2025-06-28,C1287,Running Shoes,Fashion,West,Ahmedabad,1,3397.0,0.05,3227.15,1713.18,1513.97,Credit Card,2025,6,2025-06,46.91,5%,0
ORD-101360,2025-06-29,C1090,Notebook Pack,Stationery,East,Bhubaneswar,2,459.0,0.0,918.0,506.81,411.19,Net Banking,2025,6,2025-06,44.79,0%,0
ORD-101361,2025-06-30,C1316,Backpack,Fashion,North,Delhi,2,1734.0,0.1,3121.2,1758.96,1362.24,Cash on Delivery,2025,6,2025-06,43.64,10%,0
ORD-101362,2025-06-30,C1280,Laptop,Electronics,West,Mumbai,3,53478.0,0.1,144390.6,128597.62,15792.98,UPI,2025,6,2025-06,10.94,10%,0
ORD-101363,2025-06-30,C1448,Denim Jacket,Fashion,South,Bengaluru,2,2761.0,0.05,5245.9,2971.78,2274.12,UPI,2025,6,2025-06,43.35,5%,0
ORD-101364,2025-07-01,C1427,Sunglasses,Fashion,West,Ahmedabad,3,1490.0,0.05,4246.5,2072.24,2174.26,UPI,2025,7,2025-07,51.2,5%,0
ORD-101365,2025-07-01,C1136,Running Shoes,Fashion,North,Chandigarh,3,3377.0,0.1,9117.9,5319.17,3798.73,Credit Card,2025,7,2025-07,41.66,10%,0
ORD-101366,2025-07-01,C1079,Laptop,Electronics,East,Bhubaneswar,3,53304.0,0.0,159912.0,133220.05,26691.95,UPI,2025,7,2025-07,16.69,0%,0
ORD-101367,2025-07-01,C1172,Headphones,Electronics,North,Lucknow,1,3438.0,0.0,3438.0,2138.26,1299.74,Credit Card,2025,7,2025-07,37.81,0%,0
ORD-101368,2025-07-01,C1382,Notebook Pack,Stationery,South,Hyderabad,2,471.0,0.1,847.8,507.11,340.69,Credit Card,2025,7,2025-07,40.19,10%,0
ORD-101369,2025-07-02,C1182,Mixer Grinder,Home & Kitchen,North,Delhi,2,4169.0,0.0,8338.0,5471.67,2866.33,UPI,2025,7,2025-07,34.38,0%,0
ORD-101370,2025-07-02,C1388,Air Fryer,Home & Kitchen,South,Chennai,1,6595.0,0.0,6595.0,4271.57,2323.43,UPI,2025,7,2025-07,35.23,0%,0
ORD-101371,2025-07-03,C1310,Desk Organizer,Stationery,South,Bengaluru,4,678.0,0.1,2440.8,1528.14,912.66,UPI,2025,7,2025-07,37.39,10%,0
ORD-101372,2025-07-03,C1007,Tablet,Electronics,South,Chennai,2,22358.0,0.2,35772.8,37645.84,-1873.04,Credit Card,2025,7,2025-07,-5.24,20%,1
ORD-101373,2025-07-03,C1078,Pen Set,Stationery,West,Ahmedabad,4,288.0,0.2,921.6,606.59,315.01,UPI,2025,7,2025-07,34.18,20%,0
ORD-101374,2025-07-04,C1342,Desk Organizer,Stationery,North,Lucknow,10,674.0,0.0,6740.0,3772.96,2967.04,Net Banking,2025,7,2025-07,44.02,0%,0
ORD-101375,2025-07-04,C1250,Pen Set,Stationery,North,Delhi,6,305.0,0.1,1647.0,895.55,751.45,UPI,2025,7,2025-07,45.63,10%,0
ORD-101376,2025-07-05,C1340,Headphones,Electronics,North,Chandigarh,3,3336.0,0.0,10008.0,6668.05,3339.95,Debit Card,2025,7,2025-07,33.37,0%,0
ORD-101377,2025-07-06,C1139,Laptop,Electronics,East,Patna,3,57708.0,0.05,164467.8,131673.69,32794.11,UPI,2025,7,2025-07,19.94,5%,0
ORD-101378,2025-07-06,C1047,Cookware Set,Home & Kitchen,South,Hyderabad,2,3861.0,0.0,7722.0,4435.93,3286.07,UPI,2025,7,2025-07,42.55,0%,0
ORD-101379,2025-07-07,C1080,Pen Set,Stationery,East,Bhubaneswar,2,296.0,0.15,503.2,299.02,204.18,Cash on Delivery,2025,7,2025-07,40.58,15%,0
ORD-101380,2025-07-07,C1235,Air Fryer,Home & Kitchen,North,Delhi,1,6730.0,0.0,6730.0,4406.0,2324.0,Cash on Delivery,2025,7,2025-07,34.53,0%,0
ORD-101381,2025-07-07,C1280,Study Desk,Furniture,West,Mumbai,1,7322.0,0.15,6223.7,6158.34,65.36,UPI,2025,7,2025-07,1.05,15%,0
ORD-101382,2025-07-07,C1320,Air Fryer,Home & Kitchen,South,Chennai,2,6362.0,0.1,11451.6,8660.01,2791.59,Debit Card,2025,7,2025-07,24.38,10%,0
ORD-101383,2025-07-08,C1020,Desk Organizer,Stationery,East,Kolkata,5,635.0,0.0,3175.0,1879.83,1295.17,Net Banking,2025,7,2025-07,40.79,0%,0
ORD-101384,2025-07-08,C1300,Denim Jacket,Fashion,East,Kolkata,1,2797.0,0.0,2797.0,1485.2,1311.8,Debit Card,2025,7,2025-07,46.9,0%,0
ORD-101385,2025-07-09,C1411,Running Shoes,Fashion,West,Ahmedabad,2,3247.0,0.05,6169.3,3556.9,2612.4,UPI,2025,7,2025-07,42.35,5%,0
ORD-101386,2025-07-09,C1236,Pen Set,Stationery,South,Chennai,2,303.0,0.15,515.1,299.33,215.77,Credit Card,2025,7,2025-07,41.89,15%,0
ORD-101387,2025-07-10,C1163,Headphones,Electronics,South,Hyderabad,3,3506.0,0.1,9466.2,6370.88,3095.32,UPI,2025,7,2025-07,32.7,10%,0
ORD-101388,2025-07-10,C1120,Sunglasses,Fashion,West,Ahmedabad,1,1550.0,0.1,1395.0,666.95,728.05,UPI,2025,7,2025-07,52.19,10%,0
ORD-101389,2025-07-10,C1043,Backpack,Fashion,West,Pune,3,1831.0,0.1,4943.7,2691.62,2252.08,Cash on Delivery,2025,7,2025-07,45.55,10%,0
ORD-101390,2025-07-10,C1395,Headphones,Electronics,South,Chennai,3,3689.0,0.05,10513.65,6374.41,4139.24,UPI,2025,7,2025-07,39.37,5%,0
ORD-101391,2025-07-11,C1104,Pen Set,Stationery,East,Kolkata,9,319.0,0.05,2727.45,1359.68,1367.77,UPI,2025,7,2025-07,50.15,5%,0
ORD-101392,2025-07-11,C1422,Denim Jacket,Fashion,North,Lucknow,3,2747.0,0.2,6592.8,4497.52,2095.28,UPI,2025,7,2025-07,31.78,20%,0
ORD-101393,2025-07-11,C1078,Backpack,Fashion,West,Ahmedabad,3,1855.0,0.2,4452.0,2768.83,1683.17,UPI,2025,7,2025-07,37.81,20%,0
ORD-101394,2025-07-13,C1105,Sunglasses,Fashion,South,Bengaluru,4,1600.0,0.0,6400.0,2643.94,3756.06,UPI,2025,7,2025-07,58.69,0%,0
ORD-101395,2025-07-13,C1087,Smartwatch,Electronics,East,Patna,2,8641.0,0.15,14689.7,12414.39,2275.31,Debit Card,2025,7,2025-07,15.49,15%,0
ORD-101396,2025-07-13,C1347,Denim Jacket,Fashion,West,Ahmedabad,4,2778.0,0.1,10000.8,5782.63,4218.17,UPI,2025,7,2025-07,42.18,10%,0
ORD-101397,2025-07-14,C1336,Sunglasses,Fashion,South,Hyderabad,3,1572.0,0.05,4480.2,2057.05,2423.15,UPI,2025,7,2025-07,54.09,5%,0
ORD-101398,2025-07-14,C1169,Smartphone,Electronics,South,Chennai,2,27413.0,0.05,52084.7,44800.71,7283.99,Credit Card,2025,7,2025-07,13.98,5%,0
ORD-101399,2025-07-14,C1355,Air Fryer,Home & Kitchen,East,Patna,1,6725.0,0.2,5380.0,4348.26,1031.74,Credit Card,2025,7,2025-07,19.18,20%,0
ORD-101400,2025-07-18,C1290,Tablet,Electronics,North,Lucknow,2,22592.0,0.1,40665.6,38030.84,2634.76,Cash on Delivery,2025,7,2025-07,6.48,10%,0
ORD-101401,2025-07-18,C1281,Desk Organizer,Stationery,East,Patna,6,699.0,0.0,4194.0,2280.68,1913.32,UPI,2025,7,2025-07,45.62,0%,0
ORD-101402,2025-07-19,C1133,Bookshelf,Furniture,North,Delhi,2,5570.0,0.0,11140.0,8443.99,2696.01,UPI,2025,7,2025-07,24.2,0%,0
ORD-101403,2025-07-19,C1400,Mixer Grinder,Home & Kitchen,East,Patna,2,4535.0,0.0,9070.0,5489.9,3580.1,UPI,2025,7,2025-07,39.47,0%,0
ORD-101404,2025-07-19,C1320,Desk Organizer,Stationery,South,Chennai,5,660.0,0.0,3300.0,1830.51,1469.49,Credit Card,2025,7,2025-07,44.53,0%,0
ORD-101405,2025-07-19,C1379,Denim Jacket,Fashion,North,Lucknow,2,2894.0,0.0,5788.0,2908.58,2879.42,UPI,2025,7,2025-07,49.75,0%,0
ORD-101406,2025-07-20,C1270,Air Fryer,Home & Kitchen,West,Mumbai,2,6860.0,0.05,13034.0,8466.05,4567.95,Net Banking,2025,7,2025-07,35.05,5%,0
ORD-101407,2025-07-20,C1317,Air Fryer,Home & Kitchen,South,Bengaluru,3,6621.0,0.0,19863.0,12794.09,7068.91,Debit Card,2025,7,2025-07,35.59,0%,0
ORD-101408,2025-07-21,C1363,Headphones,Electronics,West,Pune,3,3485.0,0.0,10455.0,6345.62,4109.38,Net Banking,2025,7,2025-07,39.31,0%,0
ORD-101409,2025-07-21,C1128,Notebook Pack,Stationery,South,Hyderabad,3,434.0,0.0,1302.0,752.88,549.12,UPI,2025,7,2025-07,42.18,0%,0
ORD-101410,2025-07-21,C1016,Tablet,Electronics,West,Ahmedabad,1,22607.0,0.1,20346.3,18872.22,1474.08,Credit Card,2025,7,2025-07,7.24,10%,0
ORD-101411,2025-07-21,C1210,Desk Organizer,Stationery,South,Chennai,10,690.0,0.0,6900.0,3840.14,3059.86,Credit Card,2025,7,2025-07,44.35,0%,0
ORD-101412,2025-07-21,C1082,Mixer Grinder,Home & Kitchen,North,Chandigarh,2,4229.0,0.2,6766.4,5284.21,1482.19,UPI,2025,7,2025-07,21.91,20%,0
ORD-101413,2025-07-22,C1216,Office Chair,Furniture,South,Bengaluru,2,8983.0,0.2,14372.8,14241.93,130.87,Credit Card,2025,7,2025-07,0.91,20%,0
ORD-101414,2025-07-22,C1099,Tablet,Electronics,South,Hyderabad,2,23005.0,0.0,46010.0,36822.65,9187.35,Cash on Delivery,2025,7,2025-07,19.97,0%,0
ORD-101415,2025-07-22,C1022,Sunglasses,Fashion,South,Hyderabad,4,1562.0,0.15,5310.8,2729.55,2581.25,UPI,2025,7,2025-07,48.6,15%,0
ORD-101416,2025-07-22,C1115,Tablet,Electronics,South,Hyderabad,2,22908.0,0.05,43525.2,37955.27,5569.93,Credit Card,2025,7,2025-07,12.8,5%,0
ORD-101417,2025-07-23,C1047,Sofa Set,Furniture,South,Hyderabad,2,31243.0,0.1,56237.4,56488.56,-251.16,UPI,2025,7,2025-07,-0.45,10%,1
ORD-101418,2025-07-23,C1069,Air Fryer,Home & Kitchen,South,Hyderabad,2,6778.0,0.0,13556.0,8660.27,4895.73,UPI,2025,7,2025-07,36.11,0%,0
ORD-101419,2025-07-23,C1248,Smartwatch,Electronics,South,Hyderabad,1,8989.0,0.0,8989.0,6471.41,2517.59,UPI,2025,7,2025-07,28.01,0%,0
ORD-101420,2025-07-23,C1383,Backpack,Fashion,West,Ahmedabad,2,1865.0,0.05,3543.5,1805.66,1737.84,UPI,2025,7,2025-07,49.04,5%,0
ORD-101421,2025-07-23,C1191,Sunglasses,Fashion,South,Bengaluru,2,1573.0,0.0,3146.0,1316.1,1829.9,Credit Card,2025,7,2025-07,58.17,0%,0
ORD-101422,2025-07-24,C1170,Backpack,Fashion,North,Delhi,4,1857.0,0.05,7056.6,3694.31,3362.29,Credit Card,2025,7,2025-07,47.65,5%,0
ORD-101423,2025-07-24,C1135,Smartphone,Electronics,West,Pune,2,28805.0,0.0,57610.0,45477.99,12132.01,Debit Card,2025,7,2025-07,21.06,0%,0
ORD-101424,2025-07-25,C1157,Desk Organizer,Stationery,West,Ahmedabad,3,634.0,0.05,1806.9,1120.95,685.95,Cash on Delivery,2025,7,2025-07,37.96,5%,0
ORD-101425,2025-07-27,C1304,Denim Jacket,Fashion,North,Delhi,4,2993.0,0.0,11972.0,5861.53,6110.47,Credit Card,2025,7,2025-07,51.04,0%,0
ORD-101426,2025-07-27,C1441,Denim Jacket,Fashion,South,Chennai,3,2761.0,0.05,7868.85,4278.86,3589.99,UPI,2025,7,2025-07,45.62,5%,0
ORD-101427,2025-07-27,C1336,Mixer Grinder,Home & Kitchen,South,Hyderabad,1,4338.0,0.0,4338.0,2683.2,1654.8,Credit Card,2025,7,2025-07,38.15,0%,0
ORD-101428,2025-07-28,C1286,Notebook Pack,Stationery,North,Lucknow,4,478.0,0.15,1625.2,982.03,643.17,Debit Card,2025,7,2025-07,39.57,15%,0
ORD-101429,2025-07-28,C1430,Cookware Set,Home & Kitchen,East,Kolkata,2,3819.0,0.05,7256.1,4625.07,2631.03,Cash on Delivery,2025,7,2025-07,36.26,5%,0
ORD-101430,2025-07-29,C1071,Pen Set,Stationery,East,Patna,7,293.0,0.15,1743.35,1058.25,685.1,Cash on Delivery,2025,7,2025-07,39.3,15%,0
ORD-101431,2025-07-30,C1381,Bookshelf,Furniture,South,Hyderabad,2,5714.0,0.0,11428.0,8684.36,2743.64,UPI,2025,7,2025-07,24.01,0%,0
ORD-101432,2025-07-30,C1247,Notebook Pack,Stationery,West,Ahmedabad,2,455.0,0.0,910.0,509.37,400.63,Debit Card,2025,7,2025-07,44.03,0%,0
ORD-101433,2025-07-31,C1343,Notebook Pack,Stationery,South,Chennai,4,462.0,0.1,1663.2,991.19,672.01,UPI,2025,7,2025-07,40.4,10%,0
ORD-101434,2025-07-31,C1330,Study Desk,Furniture,West,Mumbai,2,7451.0,0.15,12666.7,12325.95,340.75,Credit Card,2025,7,2025-07,2.69,15%,0
ORD-101435,2025-07-31,C1299,Headphones,Electronics,East,Bhubaneswar,3,3329.0,0.1,8988.3,6505.99,2482.31,Credit Card,2025,7,2025-07,27.62,10%,0
ORD-101436,2025-08-01,C1146,Backpack,Fashion,West,Mumbai,4,1776.0,0.05,6748.8,3685.3,3063.5,UPI,2025,8,2025-08,45.39,5%,0
ORD-101437,2025-08-01,C1088,Sofa Set,Furniture,West,Mumbai,1,32177.0,0.15,27350.45,26865.25,485.2,Debit Card,2025,8,2025-08,1.77,15%,0
ORD-101438,2025-08-01,C1210,Study Desk,Furniture,South,Chennai,1,7320.0,0.15,6222.0,6161.38,60.62,UPI,2025,8,2025-08,0.97,15%,0
ORD-101439,2025-08-01,C1146,Desk Organizer,Stationery,West,Mumbai,2,665.0,0.0,1330.0,751.5,578.5,UPI,2025,8,2025-08,43.5,0%,0
ORD-101440,2025-08-01,C1184,Air Fryer,Home & Kitchen,South,Hyderabad,3,6928.0,0.0,20784.0,13197.1,7586.9,UPI,2025,8,2025-08,36.5,0%,0
ORD-101441,2025-08-02,C1137,Mixer Grinder,Home & Kitchen,North,Delhi,2,4089.0,0.1,7360.2,5289.93,2070.27,Credit Card,2025,8,2025-08,28.13,10%,0
ORD-101442,2025-08-02,C1142,Desk Organizer,Stationery,North,Chandigarh,1,620.0,0.0,620.0,368.39,251.61,Credit Card,2025,8,2025-08,40.58,0%,0
ORD-101443,2025-08-04,C1133,Cookware Set,Home & Kitchen,North,Delhi,3,3682.0,0.0,11046.0,6870.85,4175.15,Cash on Delivery,2025,8,2025-08,37.8,0%,0
ORD-101444,2025-08-04,C1226,Bookshelf,Furniture,North,Lucknow,2,5802.0,0.1,10443.6,8709.46,1734.14,Debit Card,2025,8,2025-08,16.6,10%,0
ORD-101445,2025-08-04,C1238,Backpack,Fashion,West,Pune,1,1878.0,0.1,1690.2,893.64,796.56,Net Banking,2025,8,2025-08,47.13,10%,0
ORD-101446,2025-08-05,C1071,Office Chair,Furniture,East,Patna,2,8456.0,0.0,16912.0,14419.81,2492.19,UPI,2025,8,2025-08,14.74,0%,0
ORD-101447,2025-08-05,C1227,Air Fryer,Home & Kitchen,West,Ahmedabad,3,6304.0,0.1,17020.8,13050.0,3970.8,Credit Card,2025,8,2025-08,23.33,10%,0
ORD-101448,2025-08-05,C1132,Tablet,Electronics,West,Pune,1,21172.0,0.0,21172.0,19230.85,1941.15,UPI,2025,8,2025-08,9.17,0%,0
ORD-101449,2025-08-05,C1391,Headphones,Electronics,East,Bhubaneswar,2,3627.0,0.1,6528.6,4453.27,2075.33,UPI,2025,8,2025-08,31.79,10%,0
ORD-101450,2025-08-06,C1386,Office Chair,Furniture,West,Pune,1,8938.0,0.25,6703.5,7060.28,-356.78,Cash on Delivery,2025,8,2025-08,-5.32,25%,1
ORD-101451,2025-08-06,C1320,Running Shoes,Fashion,South,Chennai,4,3407.0,0.0,13628.0,7074.2,6553.8,Net Banking,2025,8,2025-08,48.09,0%,0
ORD-101452,2025-08-07,C1382,Smartphone,Electronics,South,Hyderabad,1,27849.0,0.05,26456.55,22739.39,3717.16,Cash on Delivery,2025,8,2025-08,14.05,5%,0
ORD-101453,2025-08-07,C1255,Headphones,Electronics,West,Pune,2,3392.0,0.15,5766.4,4270.69,1495.71,UPI,2025,8,2025-08,25.94,15%,0
ORD-101454,2025-08-08,C1179,Running Shoes,Fashion,North,Chandigarh,4,3380.0,0.1,12168.0,7009.57,5158.43,Debit Card,2025,8,2025-08,42.39,10%,0
ORD-101455,2025-08-08,C1057,Denim Jacket,Fashion,North,Delhi,3,2699.0,0.1,7287.3,4272.3,3015.0,Credit Card,2025,8,2025-08,41.37,10%,0
ORD-101456,2025-08-08,C1311,Study Desk,Furniture,East,Kolkata,1,7153.0,0.05,6795.35,5838.82,956.53,UPI,2025,8,2025-08,14.08,5%,0
ORD-101457,2025-08-08,C1208,Laptop,Electronics,South,Chennai,2,57734.0,0.15,98147.8,88444.55,9703.25,Credit Card,2025,8,2025-08,9.89,15%,0
ORD-101458,2025-08-09,C1151,Mixer Grinder,Home & Kitchen,West,Pune,1,4378.0,0.15,3721.3,2732.87,988.43,UPI,2025,8,2025-08,26.56,15%,0
ORD-101459,2025-08-09,C1067,Mixer Grinder,Home & Kitchen,West,Pune,3,4260.0,0.0,12780.0,8127.74,4652.26,Net Banking,2025,8,2025-08,36.4,0%,0
ORD-101460,2025-08-09,C1248,Smartphone,Electronics,South,Hyderabad,1,28918.0,0.2,23134.4,23173.73,-39.33,UPI,2025,8,2025-08,-0.17,20%,1
ORD-101461,2025-08-10,C1284,Headphones,Electronics,West,Pune,1,3423.0,0.2,2738.4,2228.41,509.99,UPI,2025,8,2025-08,18.62,20%,0
ORD-101462,2025-08-10,C1297,Cookware Set,Home & Kitchen,South,Bengaluru,3,3628.0,0.0,10884.0,6719.66,4164.34,UPI,2025,8,2025-08,38.26,0%,0
ORD-101463,2025-08-11,C1380,Desk Organizer,Stationery,South,Chennai,10,642.0,0.0,6420.0,3719.66,2700.34,UPI,2025,8,2025-08,42.06,0%,0
ORD-101464,2025-08-11,C1294,Mixer Grinder,Home & Kitchen,West,Pune,2,4448.0,0.2,7116.8,5266.35,1850.45,Debit Card,2025,8,2025-08,26.0,20%,0
ORD-101465,2025-08-11,C1168,Headphones,Electronics,West,Pune,1,3560.0,0.0,3560.0,2140.2,1419.8,UPI,2025,8,2025-08,39.88,0%,0
ORD-101466,2025-08-11,C1128,Pen Set,Stationery,South,Hyderabad,1,305.0,0.25,228.75,150.6,78.15,Credit Card,2025,8,2025-08,34.16,25%,0
ORD-101467,2025-08-12,C1101,Pen Set,Stationery,West,Mumbai,5,292.0,0.05,1387.0,763.36,623.64,UPI,2025,8,2025-08,44.96,5%,0
ORD-101468,2025-08-13,C1318,Mixer Grinder,Home & Kitchen,South,Bengaluru,2,4521.0,0.0,9042.0,5294.15,3747.85,Cash on Delivery,2025,8,2025-08,41.45,0%,0
ORD-101469,2025-08-14,C1019,Mixer Grinder,Home & Kitchen,North,Chandigarh,3,4032.0,0.1,10886.4,8095.65,2790.75,Net Banking,2025,8,2025-08,25.64,10%,0
ORD-101470,2025-08-14,C1073,Office Chair,Furniture,North,Chandigarh,2,8753.0,0.2,14004.8,14078.87,-74.07,Debit Card,2025,8,2025-08,-0.53,20%,1
ORD-101471,2025-08-14,C1078,Headphones,Electronics,West,Ahmedabad,1,3735.0,0.0,3735.0,2205.8,1529.2,UPI,2025,8,2025-08,40.94,0%,0
ORD-101472,2025-08-15,C1358,Running Shoes,Fashion,South,Bengaluru,1,3115.0,0.1,2803.5,1740.31,1063.19,UPI,2025,8,2025-08,37.92,10%,0
ORD-101473,2025-08-15,C1143,Air Fryer,Home & Kitchen,West,Mumbai,2,6907.0,0.15,11741.9,8488.55,3253.35,UPI,2025,8,2025-08,27.71,15%,0
ORD-101474,2025-08-15,C1201,Pen Set,Stationery,West,Ahmedabad,10,313.0,0.15,2660.5,1479.99,1180.51,UPI,2025,8,2025-08,44.37,15%,0
ORD-101475,2025-08-15,C1263,Mixer Grinder,Home & Kitchen,East,Bhubaneswar,1,4138.0,0.15,3517.3,2663.81,853.49,UPI,2025,8,2025-08,24.27,15%,0
ORD-101476,2025-08-15,C1352,Cookware Set,Home & Kitchen,West,Ahmedabad,2,4081.0,0.0,8162.0,4666.5,3495.5,Debit Card,2025,8,2025-08,42.83,0%,0
ORD-101477,2025-08-16,C1140,Cookware Set,Home & Kitchen,South,Bengaluru,1,3621.0,0.0,3621.0,2251.25,1369.75,Cash on Delivery,2025,8,2025-08,37.83,0%,0
ORD-101478,2025-08-16,C1421,Headphones,Electronics,West,Pune,2,3554.0,0.15,6041.8,4283.65,1758.15,Debit Card,2025,8,2025-08,29.1,15%,0
ORD-101479,2025-08-16,C1415,Sunglasses,Fashion,South,Hyderabad,1,1460.0,0.2,1168.0,658.72,509.28,Debit Card,2025,8,2025-08,43.6,20%,0
ORD-101480,2025-08-16,C1037,Smartphone,Electronics,East,Kolkata,1,28774.0,0.1,25896.6,23060.6,2836.0,Credit Card,2025,8,2025-08,10.95,10%,0
ORD-101481,2025-08-16,C1448,Cookware Set,Home & Kitchen,South,Bengaluru,2,3746.0,0.05,7117.4,4632.03,2485.37,UPI,2025,8,2025-08,34.92,5%,0
ORD-101482,2025-08-17,C1198,Air Fryer,Home & Kitchen,West,Ahmedabad,1,6689.0,0.15,5685.65,4293.62,1392.03,Credit Card,2025,8,2025-08,24.48,15%,0
ORD-101483,2025-08-17,C1228,Study Desk,Furniture,West,Mumbai,1,7381.0,0.05,7011.95,5866.48,1145.47,UPI,2025,8,2025-08,16.34,5%,0
ORD-101484,2025-08-17,C1412,Backpack,Fashion,South,Hyderabad,4,1780.0,0.0,7120.0,3579.82,3540.18,Cash on Delivery,2025,8,2025-08,49.72,0%,0
ORD-101485,2025-08-17,C1068,Pen Set,Stationery,East,Patna,3,309.0,0.15,787.95,449.7,338.25,Debit Card,2025,8,2025-08,42.93,15%,0
ORD-101486,2025-08-18,C1093,Sunglasses,Fashion,West,Mumbai,4,1436.0,0.05,5456.8,2629.03,2827.77,Credit Card,2025,8,2025-08,51.82,5%,0
ORD-101487,2025-08-18,C1379,Notebook Pack,Stationery,North,Lucknow,9,429.0,0.1,3474.9,2227.5,1247.4,UPI,2025,8,2025-08,35.9,10%,0
ORD-101488,2025-08-18,C1098,Notebook Pack,Stationery,South,Bengaluru,1,432.0,0.15,367.2,249.11,118.09,Credit Card,2025,8,2025-08,32.16,15%,0
ORD-101489,2025-08-18,C1410,Air Fryer,Home & Kitchen,South,Hyderabad,1,6204.0,0.0,6204.0,4283.34,1920.66,Credit Card,2025,8,2025-08,30.96,0%,0
ORD-101490,2025-08-18,C1087,Running Shoes,Fashion,East,Patna,3,3374.0,0.05,9615.9,5402.66,4213.24,UPI,2025,8,2025-08,43.82,5%,0
ORD-101491,2025-08-19,C1242,Notebook Pack,Stationery,North,Delhi,1,450.0,0.15,382.5,247.24,135.26,Credit Card,2025,8,2025-08,35.36,15%,0
ORD-101492,2025-08-19,C1260,Sunglasses,Fashion,West,Mumbai,3,1508.0,0.15,3845.4,2012.82,1832.58,Credit Card,2025,8,2025-08,47.66,15%,0
ORD-101493,2025-08-19,C1445,Mixer Grinder,Home & Kitchen,West,Pune,3,4132.0,0.0,12396.0,8155.66,4240.34,Credit Card,2025,8,2025-08,34.21,0%,0
ORD-101494,2025-08-19,C1094,Running Shoes,Fashion,South,Bengaluru,1,3411.0,0.05,3240.45,1771.37,1469.08,UPI,2025,8,2025-08,45.34,5%,0
ORD-101495,2025-08-19,C1033,Headphones,Electronics,East,Bhubaneswar,1,3492.0,0.0,3492.0,2150.43,1341.57,UPI,2025,8,2025-08,38.42,0%,0
ORD-101496,2025-08-20,C1052,Running Shoes,Fashion,East,Kolkata,2,3093.0,0.0,6186.0,3561.48,2624.52,Cash on Delivery,2025,8,2025-08,42.43,0%,0
ORD-101497,2025-08-20,C1044,Mixer Grinder,Home & Kitchen,South,Chennai,2,4530.0,0.05,8607.0,5249.51,3357.49,Debit Card,2025,8,2025-08,39.01,5%,0
ORD-101498,2025-08-21,C1349,Desk Organizer,Stationery,North,Delhi,10,670.0,0.1,6030.0,3878.11,2151.89,UPI,2025,8,2025-08,35.69,10%,0
ORD-101499,2025-08-21,C1373,Headphones,Electronics,East,Patna,1,3391.0,0.0,3391.0,2136.6,1254.4,UPI,2025,8,2025-08,36.99,0%,0
ORD-101500,2025-08-21,C1177,Sunglasses,Fashion,West,Pune,2,1533.0,0.0,3066.0,1385.76,1680.24,Credit Card,2025,8,2025-08,54.8,0%,0
ORD-101501,2025-08-21,C1157,Desk Organizer,Stationery,West,Ahmedabad,1,618.0,0.15,525.3,367.02,158.28,Debit Card,2025,8,2025-08,30.13,15%,0
ORD-101502,2025-08-21,C1066,Air Fryer,Home & Kitchen,North,Delhi,3,6642.0,0.0,19926.0,12496.6,7429.4,Net Banking,2025,8,2025-08,37.28,0%,0
ORD-101503,2025-08-21,C1350,Backpack,Fashion,North,Chandigarh,4,1879.0,0.05,7140.2,3584.35,3555.85,UPI,2025,8,2025-08,49.8,5%,0
ORD-101504,2025-08-22,C1216,Mixer Grinder,Home & Kitchen,South,Bengaluru,3,4388.0,0.05,12505.8,7885.39,4620.41,Net Banking,2025,8,2025-08,36.95,5%,0
ORD-101505,2025-08-22,C1158,Notebook Pack,Stationery,South,Hyderabad,10,468.0,0.15,3978.0,2458.68,1519.32,Credit Card,2025,8,2025-08,38.19,15%,0
ORD-101506,2025-08-22,C1079,Smartphone,Electronics,East,Bhubaneswar,2,29446.0,0.05,55947.4,44639.12,11308.28,UPI,2025,8,2025-08,20.21,5%,0
ORD-101507,2025-08-22,C1321,Denim Jacket,Fashion,South,Hyderabad,3,2792.0,0.15,7119.6,4326.37,2793.23,Net Banking,2025,8,2025-08,39.23,15%,0
ORD-101508,2025-08-23,C1183,Headphones,Electronics,East,Bhubaneswar,3,3369.0,0.0,10107.0,6339.9,3767.1,UPI,2025,8,2025-08,37.27,0%,0
ORD-101509,2025-08-23,C1241,Notebook Pack,Stationery,West,Ahmedabad,4,483.0,0.1,1738.8,971.26,767.54,Credit Card,2025,8,2025-08,44.14,10%,0
ORD-101510,2025-08-23,C1419,Running Shoes,Fashion,North,Delhi,3,3429.0,0.0,10287.0,5318.06,4968.94,Debit Card,2025,8,2025-08,48.3,0%,0
ORD-101511,2025-08-23,C1055,Sunglasses,Fashion,South,Chennai,2,1553.0,0.05,2950.7,1351.18,1599.52,UPI,2025,8,2025-08,54.21,5%,0
ORD-101512,2025-08-24,C1047,Pen Set,Stationery,South,Hyderabad,8,293.0,0.0,2344.0,1223.46,1120.54,Debit Card,2025,8,2025-08,47.8,0%,0
ORD-101513,2025-08-24,C1083,Laptop,Electronics,South,Hyderabad,3,57614.0,0.0,172842.0,135674.22,37167.78,UPI,2025,8,2025-08,21.5,0%,0
ORD-101514,2025-08-25,C1110,Backpack,Fashion,South,Bengaluru,2,1883.0,0.15,3201.1,1788.9,1412.2,Debit Card,2025,8,2025-08,44.12,15%,0
ORD-101515,2025-08-25,C1366,Pen Set,Stationery,West,Mumbai,5,301.0,0.2,1204.0,729.05,474.95,UPI,2025,8,2025-08,39.45,20%,0
ORD-101516,2025-08-25,C1372,Tablet,Electronics,South,Bengaluru,2,21338.0,0.0,42676.0,37689.63,4986.37,UPI,2025,8,2025-08,11.68,0%,0
ORD-101517,2025-08-25,C1207,Bookshelf,Furniture,North,Chandigarh,2,5388.0,0.0,10776.0,8760.15,2015.85,Credit Card,2025,8,2025-08,18.71,0%,0
ORD-101518,2025-08-25,C1052,Headphones,Electronics,East,Kolkata,3,3553.0,0.05,10126.05,6406.34,3719.71,Cash on Delivery,2025,8,2025-08,36.73,5%,0
ORD-101519,2025-08-25,C1418,Denim Jacket,Fashion,West,Pune,3,2720.0,0.1,7344.0,4307.69,3036.31,UPI,2025,8,2025-08,41.34,10%,0
ORD-101520,2025-08-25,C1037,Headphones,Electronics,East,Kolkata,1,3668.0,0.0,3668.0,2232.29,1435.71,UPI,2025,8,2025-08,39.14,0%,0
ORD-101521,2025-08-26,C1168,Running Shoes,Fashion,West,Pune,4,3248.0,0.15,11043.2,6833.01,4210.19,Credit Card,2025,8,2025-08,38.12,15%,0
ORD-101522,2025-08-26,C1001,Notebook Pack,Stationery,West,Pune,9,459.0,0.0,4131.0,2215.84,1915.16,Credit Card,2025,8,2025-08,46.36,0%,0
ORD-101523,2025-08-26,C1401,Running Shoes,Fashion,South,Hyderabad,3,3263.0,0.15,8320.65,5232.83,3087.82,Credit Card,2025,8,2025-08,37.11,15%,0
ORD-101524,2025-08-27,C1372,Running Shoes,Fashion,South,Bengaluru,4,3118.0,0.2,9977.6,7073.97,2903.63,Credit Card,2025,8,2025-08,29.1,20%,0
ORD-101525,2025-08-27,C1247,Backpack,Fashion,West,Ahmedabad,2,1866.0,0.0,3732.0,1808.9,1923.1,UPI,2025,8,2025-08,51.53,0%,0
ORD-101526,2025-08-27,C1243,Mixer Grinder,Home & Kitchen,North,Chandigarh,2,4088.0,0.15,6949.6,5362.13,1587.47,Credit Card,2025,8,2025-08,22.84,15%,0
ORD-101527,2025-08-28,C1292,Air Fryer,Home & Kitchen,South,Bengaluru,3,6808.0,0.0,20424.0,13000.64,7423.36,UPI,2025,8,2025-08,36.35,0%,0
ORD-101528,2025-08-28,C1058,Headphones,Electronics,West,Mumbai,1,3467.0,0.25,2600.25,2125.38,474.87,UPI,2025,8,2025-08,18.26,25%,0
ORD-101529,2025-08-28,C1434,Pen Set,Stationery,South,Bengaluru,6,294.0,0.0,1764.0,914.12,849.88,UPI,2025,8,2025-08,48.18,0%,0
ORD-101530,2025-08-28,C1110,Running Shoes,Fashion,South,Bengaluru,4,3333.0,0.0,13332.0,7025.17,6306.83,Debit Card,2025,8,2025-08,47.31,0%,0
ORD-101531,2025-08-28,C1403,Smartphone,Electronics,West,Mumbai,2,27915.0,0.0,55830.0,45476.15,10353.85,UPI,2025,8,2025-08,18.55,0%,0
ORD-101532,2025-08-28,C1282,Backpack,Fashion,North,Delhi,1,1811.0,0.05,1720.45,915.21,805.24,UPI,2025,8,2025-08,46.8,5%,0
ORD-101533,2025-08-28,C1401,Mixer Grinder,Home & Kitchen,South,Hyderabad,1,4111.0,0.2,3288.8,2692.81,595.99,Cash on Delivery,2025,8,2025-08,18.12,20%,0
ORD-101534,2025-08-30,C1251,Bookshelf,Furniture,North,Delhi,2,5447.0,0.0,10894.0,8836.01,2057.99,UPI,2025,8,2025-08,18.89,0%,0
ORD-101535,2025-08-30,C1292,Desk Organizer,Stationery,South,Bengaluru,2,694.0,0.1,1249.2,776.61,472.59,Debit Card,2025,8,2025-08,37.83,10%,0
ORD-101536,2025-08-30,C1293,Backpack,Fashion,West,Pune,4,1755.0,0.0,7020.0,3547.47,3472.53,Credit Card,2025,8,2025-08,49.47,0%,0
ORD-101537,2025-08-31,C1227,Tablet,Electronics,West,Ahmedabad,3,22782.0,0.2,54676.8,57669.63,-2992.83,Cash on Delivery,2025,8,2025-08,-5.47,20%,1
ORD-101538,2025-09-01,C1094,Mixer Grinder,Home & Kitchen,South,Bengaluru,2,4505.0,0.0,9010.0,5263.56,3746.44,UPI,2025,9,2025-09,41.58,0%,0
ORD-101539,2025-09-01,C1305,Sunglasses,Fashion,West,Pune,3,1428.0,0.0,4284.0,2000.27,2283.73,UPI,2025,9,2025-09,53.31,0%,0
ORD-101540,2025-09-01,C1340,Sofa Set,Furniture,North,Chandigarh,2,30570.0,0.0,61140.0,53462.51,7677.49,Debit Card,2025,9,2025-09,12.56,0%,0
ORD-101541,2025-09-01,C1295,Desk Organizer,Stationery,North,Lucknow,2,667.0,0.0,1334.0,734.39,599.61,Credit Card,2025,9,2025-09,44.95,0%,0
ORD-101542,2025-09-01,C1200,Office Chair,Furniture,East,Patna,2,8579.0,0.0,17158.0,14268.28,2889.72,Credit Card,2025,9,2025-09,16.84,0%,0
ORD-101543,2025-09-02,C1389,Headphones,Electronics,North,Delhi,1,3644.0,0.0,3644.0,2117.47,1526.53,UPI,2025,9,2025-09,41.89,0%,0
ORD-101544,2025-09-02,C1071,Smartphone,Electronics,East,Patna,1,29686.0,0.15,25233.1,23350.06,1883.04,Credit Card,2025,9,2025-09,7.46,15%,0
ORD-101545,2025-09-02,C1330,Cookware Set,Home & Kitchen,West,Mumbai,3,4049.0,0.15,10324.95,6964.79,3360.16,Credit Card,2025,9,2025-09,32.54,15%,0
ORD-101546,2025-09-02,C1039,Tablet,Electronics,South,Bengaluru,3,22098.0,0.0,66294.0,54986.88,11307.12,UPI,2025,9,2025-09,17.06,0%,0
ORD-101547,2025-09-03,C1436,Bookshelf,Furniture,North,Lucknow,2,5496.0,0.05,10442.4,8477.73,1964.67,Debit Card,2025,9,2025-09,18.81,5%,0
ORD-101548,2025-09-03,C1014,Mixer Grinder,Home & Kitchen,West,Pune,1,4269.0,0.0,4269.0,2716.61,1552.39,Cash on Delivery,2025,9,2025-09,36.36,0%,0
ORD-101549,2025-09-03,C1094,Pen Set,Stationery,South,Bengaluru,2,314.0,0.2,502.4,295.67,206.73,Credit Card,2025,9,2025-09,41.15,20%,0
ORD-101550,2025-09-03,C1013,Tablet,Electronics,West,Mumbai,3,22785.0,0.05,64937.25,55252.16,9685.09,Net Banking,2025,9,2025-09,14.91,5%,0
ORD-101551,2025-09-04,C1449,Backpack,Fashion,West,Ahmedabad,1,1896.0,0.15,1611.6,878.72,732.88,UPI,2025,9,2025-09,45.48,15%,0
ORD-101552,2025-09-04,C1062,Pen Set,Stationery,South,Hyderabad,9,300.0,0.1,2430.0,1326.66,1103.34,UPI,2025,9,2025-09,45.4,10%,0
ORD-101553,2025-09-05,C1162,Denim Jacket,Fashion,North,Lucknow,2,2906.0,0.05,5521.4,2855.09,2666.31,Credit Card,2025,9,2025-09,48.29,5%,0
ORD-101554,2025-09-05,C1091,Headphones,Electronics,North,Delhi,1,3691.0,0.0,3691.0,2200.87,1490.13,UPI,2025,9,2025-09,40.37,0%,0
ORD-101555,2025-09-05,C1134,Office Chair,Furniture,West,Mumbai,2,9048.0,0.0,18096.0,14311.39,3784.61,Credit Card,2025,9,2025-09,20.91,0%,0
ORD-101556,2025-09-06,C1447,Notebook Pack,Stationery,South,Chennai,4,458.0,0.05,1740.4,980.68,759.72,Cash on Delivery,2025,9,2025-09,43.65,5%,0
ORD-101557,2025-09-07,C1081,Backpack,Fashion,East,Kolkata,2,1937.0,0.05,3680.3,1783.6,1896.7,Debit Card,2025,9,2025-09,51.54,5%,0
ORD-101558,2025-09-07,C1221,Notebook Pack,Stationery,West,Mumbai,10,447.0,0.0,4470.0,2449.25,2020.75,UPI,2025,9,2025-09,45.21,0%,0
ORD-101559,2025-09-07,C1047,Notebook Pack,Stationery,South,Hyderabad,1,451.0,0.05,428.45,244.45,184.0,Cash on Delivery,2025,9,2025-09,42.95,5%,0
ORD-101560,2025-09-08,C1398,Headphones,Electronics,East,Kolkata,3,3353.0,0.05,9556.05,6561.45,2994.6,UPI,2025,9,2025-09,31.34,5%,0
ORD-101561,2025-09-08,C1094,Backpack,Fashion,South,Bengaluru,2,1843.0,0.15,3133.1,1809.05,1324.05,Credit Card,2025,9,2025-09,42.26,15%,0
ORD-101562,2025-09-08,C1222,Smartphone,Electronics,East,Kolkata,1,28651.0,0.0,28651.0,23204.65,5446.35,UPI,2025,9,2025-09,19.01,0%,0
ORD-101563,2025-09-09,C1330,Tablet,Electronics,West,Mumbai,3,21321.0,0.1,57566.7,56870.28,696.42,UPI,2025,9,2025-09,1.21,10%,0
ORD-101564,2025-09-09,C1198,Headphones,Electronics,West,Ahmedabad,1,3595.0,0.05,3415.25,2189.15,1226.1,Debit Card,2025,9,2025-09,35.9,5%,0
ORD-101565,2025-09-09,C1157,Desk Organizer,Stationery,West,Ahmedabad,9,631.0,0.0,5679.0,3371.47,2307.53,Net Banking,2025,9,2025-09,40.63,0%,0
ORD-101566,2025-09-09,C1067,Running Shoes,Fashion,West,Pune,2,3257.0,0.25,4885.5,3454.14,1431.36,Debit Card,2025,9,2025-09,29.3,25%,0
ORD-101567,2025-09-10,C1177,Notebook Pack,Stationery,West,Pune,7,464.0,0.0,3248.0,1724.82,1523.18,UPI,2025,9,2025-09,46.9,0%,0
ORD-101568,2025-09-10,C1372,Cookware Set,Home & Kitchen,South,Bengaluru,2,3762.0,0.1,6771.6,4486.72,2284.88,UPI,2025,9,2025-09,33.74,10%,0
ORD-101569,2025-09-11,C1059,Air Fryer,Home & Kitchen,South,Hyderabad,2,6836.0,0.15,11621.2,8512.31,3108.89,UPI,2025,9,2025-09,26.75,15%,0
ORD-101570,2025-09-11,C1225,Notebook Pack,Stationery,North,Chandigarh,3,439.0,0.15,1119.45,735.38,384.07,UPI,2025,9,2025-09,34.31,15%,0
ORD-101571,2025-09-11,C1255,Denim Jacket,Fashion,West,Pune,4,2882.0,0.1,10375.2,5727.45,4647.75,UPI,2025,9,2025-09,44.8,10%,0
ORD-101572,2025-09-12,C1329,Headphones,Electronics,East,Bhubaneswar,3,3373.0,0.1,9107.1,6547.87,2559.23,Debit Card,2025,9,2025-09,28.1,10%,0
ORD-101573,2025-09-12,C1093,Smartphone,Electronics,West,Mumbai,1,29911.0,0.05,28415.45,23301.2,5114.25,Cash on Delivery,2025,9,2025-09,18.0,5%,0
ORD-101574,2025-09-13,C1405,Study Desk,Furniture,West,Mumbai,2,7231.0,0.25,10846.5,11758.69,-912.19,UPI,2025,9,2025-09,-8.41,25%,1
ORD-101575,2025-09-13,C1360,Headphones,Electronics,West,Mumbai,3,3773.0,0.05,10753.05,6423.67,4329.38,UPI,2025,9,2025-09,40.26,5%,0
ORD-101576,2025-09-14,C1030,Notebook Pack,Stationery,West,Mumbai,3,484.0,0.2,1161.6,725.5,436.1,Credit Card,2025,9,2025-09,37.54,20%,0
ORD-101577,2025-09-14,C1382,Desk Organizer,Stationery,South,Hyderabad,2,678.0,0.0,1356.0,767.3,588.7,UPI,2025,9,2025-09,43.41,0%,0
ORD-101578,2025-09-15,C1331,Air Fryer,Home & Kitchen,South,Bengaluru,1,6532.0,0.0,6532.0,4260.84,2271.16,Net Banking,2025,9,2025-09,34.77,0%,0
ORD-101579,2025-09-15,C1031,Sofa Set,Furniture,West,Ahmedabad,1,34390.0,0.1,30951.0,28063.42,2887.58,Credit Card,2025,9,2025-09,9.33,10%,0
ORD-101580,2025-09-15,C1385,Desk Organizer,Stationery,West,Mumbai,7,641.0,0.05,4262.65,2603.49,1659.16,Debit Card,2025,9,2025-09,38.92,5%,0
ORD-101581,2025-09-16,C1231,Mixer Grinder,Home & Kitchen,West,Ahmedabad,2,4517.0,0.15,7678.9,5427.0,2251.9,Credit Card,2025,9,2025-09,29.33,15%,0
ORD-101582,2025-09-16,C1295,Smartphone,Electronics,North,Lucknow,2,28939.0,0.0,57878.0,46735.3,11142.7,Credit Card,2025,9,2025-09,19.25,0%,0
ORD-101583,2025-09-17,C1370,Sofa Set,Furniture,North,Lucknow,2,31828.0,0.1,57290.4,53563.19,3727.21,Credit Card,2025,9,2025-09,6.51,10%,0
ORD-101584,2025-09-17,C1092,Tablet,Electronics,South,Hyderabad,2,22773.0,0.0,45546.0,38452.61,7093.39,Credit Card,2025,9,2025-09,15.57,0%,0
ORD-101585,2025-09-17,C1413,Bookshelf,Furniture,North,Delhi,1,5573.0,0.1,5015.7,4385.6,630.1,UPI,2025,9,2025-09,12.56,10%,0
ORD-101586,2025-09-17,C1448,Smartphone,Electronics,South,Bengaluru,2,26632.0,0.1,47937.6,46226.01,1711.59,Credit Card,2025,9,2025-09,3.57,10%,0
ORD-101587,2025-09-18,C1448,Notebook Pack,Stationery,South,Bengaluru,3,430.0,0.1,1161.0,733.85,427.15,Cash on Delivery,2025,9,2025-09,36.79,10%,0
ORD-101588,2025-09-18,C1075,Denim Jacket,Fashion,North,Lucknow,3,2971.0,0.2,7130.4,4263.04,2867.36,Debit Card,2025,9,2025-09,40.21,20%,0
ORD-101589,2025-09-18,C1004,Tablet,Electronics,West,Mumbai,1,21645.0,0.0,21645.0,18285.61,3359.39,Debit Card,2025,9,2025-09,15.52,0%,0
ORD-101590,2025-09-19,C1067,Running Shoes,Fashion,West,Pune,4,3136.0,0.15,10662.4,7092.07,3570.33,Debit Card,2025,9,2025-09,33.49,15%,0
ORD-101591,2025-09-19,C1203,Headphones,Electronics,South,Hyderabad,2,3688.0,0.0,7376.0,4309.22,3066.78,UPI,2025,9,2025-09,41.58,0%,0
ORD-101592,2025-09-19,C1429,Smartwatch,Electronics,North,Lucknow,1,9115.0,0.1,8203.5,6156.78,2046.72,Credit Card,2025,9,2025-09,24.95,10%,0
ORD-101593,2025-09-19,C1419,Sunglasses,Fashion,North,Delhi,4,1505.0,0.0,6020.0,2712.79,3307.21,Cash on Delivery,2025,9,2025-09,54.94,0%,0
ORD-101594,2025-09-20,C1318,Mixer Grinder,Home & Kitchen,South,Bengaluru,3,4468.0,0.2,10723.2,7922.85,2800.35,UPI,2025,9,2025-09,26.11,20%,0
ORD-101595,2025-09-20,C1449,Sunglasses,Fashion,West,Ahmedabad,3,1521.0,0.1,4106.7,1972.07,2134.63,UPI,2025,9,2025-09,51.98,10%,0
ORD-101596,2025-09-21,C1015,Headphones,Electronics,South,Bengaluru,1,3654.0,0.05,3471.3,2126.84,1344.46,Credit Card,2025,9,2025-09,38.73,5%,0
ORD-101597,2025-09-21,C1174,Sofa Set,Furniture,North,Chandigarh,2,31713.0,0.1,57083.4,53754.34,3329.06,UPI,2025,9,2025-09,5.83,10%,0
ORD-101598,2025-09-21,C1150,Smartwatch,Electronics,South,Hyderabad,1,8737.0,0.05,8300.15,6202.95,2097.2,UPI,2025,9,2025-09,25.27,5%,0
ORD-101599,2025-09-23,C1137,Pen Set,Stationery,North,Delhi,7,289.0,0.0,2023.0,1067.2,955.8,UPI,2025,9,2025-09,47.25,0%,0
ORD-101600,2025-09-23,C1425,Denim Jacket,Fashion,East,Patna,3,2718.0,0.0,8154.0,4394.33,3759.67,Cash on Delivery,2025,9,2025-09,46.11,0%,0
ORD-101601,2025-09-23,C1290,Running Shoes,Fashion,North,Lucknow,1,3103.0,0.0,3103.0,1771.96,1331.04,UPI,2025,9,2025-09,42.9,0%,0
ORD-101602,2025-09-23,C1106,Backpack,Fashion,West,Pune,3,1870.0,0.15,4768.5,2756.4,2012.1,Cash on Delivery,2025,9,2025-09,42.2,15%,0
ORD-101603,2025-09-24,C1301,Denim Jacket,Fashion,North,Delhi,1,2667.0,0.1,2400.3,1449.13,951.17,Credit Card,2025,9,2025-09,39.63,10%,0
ORD-101604,2025-09-24,C1374,Notebook Pack,Stationery,North,Chandigarh,10,475.0,0.05,4512.5,2455.87,2056.63,Cash on Delivery,2025,9,2025-09,45.58,5%,0
ORD-101605,2025-09-25,C1241,Mixer Grinder,Home & Kitchen,West,Ahmedabad,2,4317.0,0.1,7770.6,5393.16,2377.44,Net Banking,2025,9,2025-09,30.6,10%,0
ORD-101606,2025-09-26,C1196,Pen Set,Stationery,North,Lucknow,7,292.0,0.1,1839.6,1057.61,781.99,Credit Card,2025,9,2025-09,42.51,10%,0
ORD-101607,2025-09-26,C1043,Pen Set,Stationery,West,Pune,2,296.0,0.2,473.6,298.67,174.93,UPI,2025,9,2025-09,36.94,20%,0
ORD-101608,2025-09-26,C1203,Denim Jacket,Fashion,South,Hyderabad,4,2849.0,0.0,11396.0,5758.52,5637.48,Debit Card,2025,9,2025-09,49.47,0%,0
ORD-101609,2025-09-26,C1297,Mixer Grinder,Home & Kitchen,South,Bengaluru,3,4196.0,0.05,11958.6,8282.3,3676.3,Credit Card,2025,9,2025-09,30.74,5%,0
ORD-101610,2025-09-27,C1231,Mixer Grinder,Home & Kitchen,West,Ahmedabad,2,4468.0,0.05,8489.2,5354.76,3134.44,Net Banking,2025,9,2025-09,36.92,5%,0
ORD-101611,2025-09-27,C1265,Smartwatch,Electronics,West,Pune,1,9018.0,0.15,7665.3,6114.99,1550.31,Net Banking,2025,9,2025-09,20.23,15%,0
ORD-101612,2025-09-27,C1249,Cookware Set,Home & Kitchen,South,Chennai,3,3727.0,0.0,11181.0,6892.7,4288.3,Credit Card,2025,9,2025-09,38.35,0%,0
ORD-101613,2025-09-27,C1118,Pen Set,Stationery,South,Bengaluru,3,310.0,0.1,837.0,437.81,399.19,Credit Card,2025,9,2025-09,47.69,10%,0
ORD-101614,2025-09-27,C1270,Smartwatch,Electronics,West,Mumbai,1,8921.0,0.15,7582.85,6154.32,1428.53,Credit Card,2025,9,2025-09,18.84,15%,0
ORD-101615,2025-09-28,C1012,Sunglasses,Fashion,North,Chandigarh,2,1432.0,0.1,2577.6,1387.47,1190.13,UPI,2025,9,2025-09,46.17,10%,0
ORD-101616,2025-09-29,C1310,Cookware Set,Home & Kitchen,South,Bengaluru,1,3941.0,0.05,3743.95,2343.86,1400.09,Credit Card,2025,9,2025-09,37.4,5%,0
ORD-101617,2025-09-29,C1118,Notebook Pack,Stationery,South,Bengaluru,3,475.0,0.2,1140.0,733.77,406.23,Net Banking,2025,9,2025-09,35.63,20%,0
ORD-101618,2025-09-29,C1304,Headphones,Electronics,North,Delhi,3,3481.0,0.1,9398.7,6475.72,2922.98,UPI,2025,9,2025-09,31.1,10%,0
ORD-101619,2025-09-29,C1021,Tablet,Electronics,West,Pune,3,22122.0,0.15,56411.1,57072.48,-661.38,Net Banking,2025,9,2025-09,-1.17,15%,1
ORD-101620,2025-09-29,C1225,Running Shoes,Fashion,North,Chandigarh,4,3252.0,0.0,13008.0,7081.46,5926.54,Debit Card,2025,9,2025-09,45.56,0%,0
ORD-101621,2025-09-29,C1333,Mixer Grinder,Home & Kitchen,South,Hyderabad,2,4055.0,0.0,8110.0,5497.55,2612.45,UPI,2025,9,2025-09,32.21,0%,0
ORD-101622,2025-09-29,C1216,Backpack,Fashion,South,Bengaluru,4,1773.0,0.05,6737.4,3532.09,3205.31,Credit Card,2025,9,2025-09,47.57,5%,0
ORD-101623,2025-10-01,C1142,Pen Set,Stationery,North,Chandigarh,3,305.0,0.2,732.0,448.55,283.45,Credit Card,2025,10,2025-10,38.72,20%,0
ORD-101624,2025-10-01,C1055,Headphones,Electronics,South,Chennai,3,3603.0,0.0,10809.0,6670.18,4138.82,UPI,2025,10,2025-10,38.29,0%,0
ORD-101625,2025-10-01,C1402,Denim Jacket,Fashion,West,Ahmedabad,2,2986.0,0.05,5673.4,2872.09,2801.31,Debit Card,2025,10,2025-10,49.38,5%,0
ORD-101626,2025-10-01,C1310,Sofa Set,Furniture,South,Bengaluru,2,31212.0,0.1,56181.6,55051.93,1129.67,Credit Card,2025,10,2025-10,2.01,10%,0
ORD-101627,2025-10-01,C1405,Desk Organizer,Stationery,West,Mumbai,10,676.0,0.25,5070.0,3857.47,1212.53,Credit Card,2025,10,2025-10,23.92,25%,0
ORD-101628,2025-10-02,C1337,Smartwatch,Electronics,South,Bengaluru,1,9005.0,0.1,8104.5,6322.33,1782.17,UPI,2025,10,2025-10,21.99,10%,0
ORD-101629,2025-10-02,C1290,Air Fryer,Home & Kitchen,North,Lucknow,3,6605.0,0.1,17833.5,12830.97,5002.53,Credit Card,2025,10,2025-10,28.05,10%,0
ORD-101630,2025-10-02,C1302,Running Shoes,Fashion,East,Patna,1,3046.0,0.0,3046.0,1812.77,1233.23,Debit Card,2025,10,2025-10,40.49,0%,0
ORD-101631,2025-10-02,C1250,Smartphone,Electronics,North,Delhi,1,27806.0,0.15,23635.1,22863.26,771.84,Cash on Delivery,2025,10,2025-10,3.27,15%,0
ORD-101632,2025-10-02,C1227,Air Fryer,Home & Kitchen,West,Ahmedabad,3,6511.0,0.2,15626.4,12937.87,2688.53,Net Banking,2025,10,2025-10,17.21,20%,0
ORD-101633,2025-10-03,C1259,Sunglasses,Fashion,West,Pune,3,1518.0,0.2,3643.2,2003.99,1639.21,Debit Card,2025,10,2025-10,44.99,20%,0
ORD-101634,2025-10-03,C1344,Pen Set,Stationery,North,Chandigarh,8,298.0,0.05,2264.8,1168.19,1096.61,Debit Card,2025,10,2025-10,48.42,5%,0
ORD-101635,2025-10-03,C1012,Notebook Pack,Stationery,North,Chandigarh,9,483.0,0.2,3477.6,2281.05,1196.55,Net Banking,2025,10,2025-10,34.41,20%,0
ORD-101636,2025-10-03,C1280,Desk Organizer,Stationery,West,Mumbai,5,637.0,0.2,2548.0,1846.2,701.8,Cash on Delivery,2025,10,2025-10,27.54,20%,0
ORD-101637,2025-10-03,C1393,Smartwatch,Electronics,North,Delhi,2,9116.0,0.1,16408.8,12748.63,3660.17,UPI,2025,10,2025-10,22.31,10%,0
ORD-101638,2025-10-03,C1368,Notebook Pack,Stationery,North,Chandigarh,9,445.0,0.1,3604.5,2183.4,1421.1,Net Banking,2025,10,2025-10,39.43,10%,0
ORD-101639,2025-10-03,C1424,Office Chair,Furniture,North,Delhi,1,9149.0,0.05,8691.55,7271.63,1419.92,Debit Card,2025,10,2025-10,16.34,5%,0
ORD-101640,2025-10-04,C1170,Desk Organizer,Stationery,North,Delhi,10,622.0,0.2,4976.0,3707.0,1269.0,Debit Card,2025,10,2025-10,25.5,20%,0
ORD-101641,2025-10-04,C1248,Laptop,Electronics,South,Hyderabad,3,54844.0,0.05,156305.4,131640.98,24664.42,UPI,2025,10,2025-10,15.78,5%,0
ORD-101642,2025-10-05,C1256,Denim Jacket,Fashion,South,Hyderabad,2,2919.0,0.05,5546.1,2831.49,2714.61,Net Banking,2025,10,2025-10,48.95,5%,0
ORD-101643,2025-10-05,C1441,Pen Set,Stationery,South,Chennai,4,322.0,0.1,1159.2,610.34,548.86,Cash on Delivery,2025,10,2025-10,47.35,10%,0
ORD-101644,2025-10-05,C1183,Notebook Pack,Stationery,East,Bhubaneswar,7,450.0,0.1,2835.0,1765.82,1069.18,Debit Card,2025,10,2025-10,37.71,10%,0
ORD-101645,2025-10-05,C1319,Office Chair,Furniture,East,Bhubaneswar,1,8494.0,0.15,7219.9,7238.45,-18.55,Debit Card,2025,10,2025-10,-0.26,15%,1
ORD-101646,2025-10-05,C1173,Notebook Pack,Stationery,North,Chandigarh,6,468.0,0.1,2527.2,1492.4,1034.8,Debit Card,2025,10,2025-10,40.95,10%,0
ORD-101647,2025-10-05,C1136,Pen Set,Stationery,North,Chandigarh,4,318.0,0.2,1017.6,608.03,409.57,Net Banking,2025,10,2025-10,40.25,20%,0
ORD-101648,2025-10-05,C1123,Notebook Pack,Stationery,South,Bengaluru,4,486.0,0.1,1749.6,963.1,786.5,UPI,2025,10,2025-10,44.95,10%,0
ORD-101649,2025-10-05,C1427,Notebook Pack,Stationery,West,Ahmedabad,2,476.0,0.15,809.2,491.33,317.87,UPI,2025,10,2025-10,39.28,15%,0
ORD-101650,2025-10-06,C1070,Headphones,Electronics,West,Ahmedabad,2,3419.0,0.1,6154.2,4323.58,1830.62,Credit Card,2025,10,2025-10,29.75,10%,0
ORD-101651,2025-10-06,C1338,Desk Organizer,Stationery,South,Hyderabad,6,672.0,0.15,3427.2,2261.51,1165.69,Credit Card,2025,10,2025-10,34.01,15%,0
ORD-101652,2025-10-06,C1175,Denim Jacket,Fashion,West,Mumbai,3,2759.0,0.1,7449.3,4388.8,3060.5,Credit Card,2025,10,2025-10,41.08,10%,0
ORD-101653,2025-10-06,C1153,Headphones,Electronics,East,Patna,3,3496.0,0.0,10488.0,6347.64,4140.36,Credit Card,2025,10,2025-10,39.48,0%,0
ORD-101654,2025-10-06,C1220,Smartwatch,Electronics,South,Chennai,3,9222.0,0.15,23516.1,18368.2,5147.9,Credit Card,2025,10,2025-10,21.89,15%,0
ORD-101655,2025-10-06,C1117,Notebook Pack,Stationery,North,Chandigarh,6,482.0,0.05,2747.4,1521.2,1226.2,Cash on Delivery,2025,10,2025-10,44.63,5%,0
ORD-101656,2025-10-06,C1144,Pen Set,Stationery,West,Ahmedabad,6,315.0,0.1,1701.0,910.65,790.35,Cash on Delivery,2025,10,2025-10,46.46,10%,0
ORD-101657,2025-10-07,C1220,Denim Jacket,Fashion,South,Chennai,1,2740.0,0.2,2192.0,1414.36,777.64,Debit Card,2025,10,2025-10,35.48,20%,0
ORD-101658,2025-10-07,C1212,Study Desk,Furniture,East,Bhubaneswar,1,7400.0,0.15,6290.0,6050.72,239.28,Cash on Delivery,2025,10,2025-10,3.8,15%,0
ORD-101659,2025-10-08,C1260,Sofa Set,Furniture,West,Mumbai,1,34151.0,0.25,25613.25,28093.78,-2480.53,Credit Card,2025,10,2025-10,-9.68,25%,1
ORD-101660,2025-10-09,C1214,Cookware Set,Home & Kitchen,West,Ahmedabad,1,3905.0,0.05,3709.75,2320.02,1389.73,Credit Card,2025,10,2025-10,37.46,5%,0
ORD-101661,2025-10-09,C1288,Smartwatch,Electronics,West,Ahmedabad,2,9477.0,0.1,17058.6,12912.81,4145.79,Debit Card,2025,10,2025-10,24.3,10%,0
ORD-101662,2025-10-09,C1122,Notebook Pack,Stationery,South,Hyderabad,6,454.0,0.0,2724.0,1476.44,1247.56,Debit Card,2025,10,2025-10,45.8,0%,0
ORD-101663,2025-10-09,C1382,Cookware Set,Home & Kitchen,South,Hyderabad,3,3975.0,0.15,10136.25,6982.7,3153.55,Debit Card,2025,10,2025-10,31.11,15%,0
ORD-101664,2025-10-10,C1165,Headphones,Electronics,East,Kolkata,3,3576.0,0.15,9118.8,6618.41,2500.39,Net Banking,2025,10,2025-10,27.42,15%,0
ORD-101665,2025-10-10,C1274,Study Desk,Furniture,East,Patna,2,7668.0,0.15,13035.6,12228.48,807.12,Credit Card,2025,10,2025-10,6.19,15%,0
ORD-101666,2025-10-10,C1216,Smartphone,Electronics,South,Bengaluru,1,29650.0,0.1,26685.0,23539.93,3145.07,UPI,2025,10,2025-10,11.79,10%,0
ORD-101667,2025-10-10,C1194,Sofa Set,Furniture,West,Mumbai,2,33470.0,0.2,53552.0,55768.27,-2216.27,Cash on Delivery,2025,10,2025-10,-4.14,20%,1
ORD-101668,2025-10-10,C1348,Pen Set,Stationery,South,Hyderabad,9,292.0,0.25,1971.0,1357.95,613.05,Credit Card,2025,10,2025-10,31.1,25%,0
ORD-101669,2025-10-10,C1392,Pen Set,Stationery,South,Bengaluru,2,313.0,0.2,500.8,308.38,192.42,UPI,2025,10,2025-10,38.42,20%,0
ORD-101670,2025-10-11,C1356,Tablet,Electronics,East,Bhubaneswar,3,22387.0,0.05,63802.95,55507.78,8295.17,UPI,2025,10,2025-10,13.0,5%,0
ORD-101671,2025-10-11,C1297,Pen Set,Stationery,South,Bengaluru,10,314.0,0.1,2826.0,1531.67,1294.33,Cash on Delivery,2025,10,2025-10,45.8,10%,0
ORD-101672,2025-10-12,C1438,Denim Jacket,Fashion,West,Pune,1,2665.0,0.2,2132.0,1443.78,688.22,Cash on Delivery,2025,10,2025-10,32.28,20%,0
ORD-101673,2025-10-12,C1357,Tablet,Electronics,North,Lucknow,1,21477.0,0.25,16107.75,18795.88,-2688.13,Debit Card,2025,10,2025-10,-16.69,25%,1
ORD-101674,2025-10-13,C1027,Laptop,Electronics,East,Patna,1,52729.0,0.05,50092.55,43548.13,6544.42,Credit Card,2025,10,2025-10,13.06,5%,0
ORD-101675,2025-10-13,C1181,Sunglasses,Fashion,North,Delhi,1,1426.0,0.05,1354.7,683.44,671.26,UPI,2025,10,2025-10,49.55,5%,0
ORD-101676,2025-10-13,C1427,Pen Set,Stationery,West,Ahmedabad,5,285.0,0.1,1282.5,765.38,517.12,Credit Card,2025,10,2025-10,40.32,10%,0
ORD-101677,2025-10-13,C1093,Mixer Grinder,Home & Kitchen,West,Mumbai,2,4032.0,0.2,6451.2,5487.18,964.02,Debit Card,2025,10,2025-10,14.94,20%,0
ORD-101678,2025-10-13,C1411,Backpack,Fashion,West,Ahmedabad,3,1897.0,0.25,4268.25,2684.37,1583.88,Debit Card,2025,10,2025-10,37.11,25%,0
ORD-101679,2025-10-13,C1079,Air Fryer,Home & Kitchen,East,Bhubaneswar,3,6713.0,0.05,19132.05,13058.99,6073.06,Debit Card,2025,10,2025-10,31.74,5%,0
ORD-101680,2025-10-14,C1071,Backpack,Fashion,East,Patna,2,1840.0,0.1,3312.0,1786.21,1525.79,Cash on Delivery,2025,10,2025-10,46.07,10%,0
ORD-101681,2025-10-14,C1267,Denim Jacket,Fashion,South,Bengaluru,2,2978.0,0.0,5956.0,2888.39,3067.61,UPI,2025,10,2025-10,51.5,0%,0
ORD-101682,2025-10-14,C1431,Sunglasses,Fashion,West,Pune,2,1553.0,0.05,2950.7,1384.92,1565.78,Credit Card,2025,10,2025-10,53.06,5%,0
ORD-101683,2025-10-15,C1446,Study Desk,Furniture,South,Hyderabad,2,7538.0,0.05,14322.2,12222.62,2099.58,Credit Card,2025,10,2025-10,14.66,5%,0
ORD-101684,2025-10-15,C1039,Desk Organizer,Stationery,South,Bengaluru,4,670.0,0.15,2278.0,1510.7,767.3,Credit Card,2025,10,2025-10,33.68,15%,0
ORD-101685,2025-10-15,C1388,Air Fryer,Home & Kitchen,South,Chennai,3,6459.0,0.1,17439.3,12621.96,4817.34,Cash on Delivery,2025,10,2025-10,27.62,10%,0
ORD-101686,2025-10-15,C1104,Smartwatch,Electronics,East,Kolkata,2,9274.0,0.0,18548.0,12270.39,6277.61,UPI,2025,10,2025-10,33.85,0%,0
ORD-101687,2025-10-15,C1373,Denim Jacket,Fashion,East,Patna,4,2784.0,0.1,10022.4,5800.43,4221.97,Credit Card,2025,10,2025-10,42.13,10%,0
ORD-101688,2025-10-16,C1173,Running Shoes,Fashion,North,Chandigarh,2,3045.0,0.25,4567.5,3596.56,970.94,UPI,2025,10,2025-10,21.26,25%,0
ORD-101689,2025-10-16,C1254,Notebook Pack,Stationery,South,Hyderabad,1,433.0,0.0,433.0,254.39,178.61,UPI,2025,10,2025-10,41.25,0%,0
ORD-101690,2025-10-16,C1072,Denim Jacket,Fashion,South,Chennai,4,2715.0,0.15,9231.0,5739.85,3491.15,Debit Card,2025,10,2025-10,37.82,15%,0
ORD-101691,2025-10-16,C1412,Pen Set,Stationery,South,Hyderabad,7,321.0,0.1,2022.3,1076.81,945.49,UPI,2025,10,2025-10,46.75,10%,0
ORD-101692,2025-10-16,C1192,Smartwatch,Electronics,South,Bengaluru,3,8882.0,0.25,19984.5,18889.83,1094.67,Credit Card,2025,10,2025-10,5.48,25%,0
ORD-101693,2025-10-17,C1317,Denim Jacket,Fashion,South,Bengaluru,4,2697.0,0.15,9169.8,5791.63,3378.17,UPI,2025,10,2025-10,36.84,15%,0
ORD-101694,2025-10-17,C1305,Smartphone,Electronics,West,Pune,1,28134.0,0.25,21100.5,23287.25,-2186.75,UPI,2025,10,2025-10,-10.36,25%,1
ORD-101695,2025-10-17,C1059,Air Fryer,Home & Kitchen,South,Hyderabad,2,6339.0,0.05,12044.1,8784.92,3259.18,Debit Card,2025,10,2025-10,27.06,5%,0
ORD-101696,2025-10-17,C1396,Pen Set,Stationery,East,Kolkata,8,297.0,0.1,2138.4,1214.19,924.21,UPI,2025,10,2025-10,43.22,10%,0
ORD-101697,2025-10-18,C1043,Laptop,Electronics,West,Pune,3,57763.0,0.2,138631.2,133909.52,4721.68,Credit Card,2025,10,2025-10,3.41,20%,0
ORD-101698,2025-10-18,C1415,Tablet,Electronics,South,Hyderabad,1,22520.0,0.25,16890.0,18380.25,-1490.25,Credit Card,2025,10,2025-10,-8.82,25%,1
ORD-101699,2025-10-18,C1055,Headphones,Electronics,South,Chennai,1,3506.0,0.15,2980.1,2209.74,770.36,Net Banking,2025,10,2025-10,25.85,15%,0
ORD-101700,2025-10-18,C1346,Smartphone,Electronics,North,Lucknow,3,27136.0,0.1,73267.2,69738.77,3528.43,UPI,2025,10,2025-10,4.82,10%,0
ORD-101701,2025-10-18,C1055,Mixer Grinder,Home & Kitchen,South,Chennai,1,4083.0,0.2,3266.4,2717.86,548.54,Debit Card,2025,10,2025-10,16.79,20%,0
ORD-101702,2025-10-19,C1356,Cookware Set,Home & Kitchen,East,Bhubaneswar,2,4060.0,0.15,6902.0,4628.07,2273.93,UPI,2025,10,2025-10,32.95,15%,0
ORD-101703,2025-10-19,C1120,Study Desk,Furniture,West,Ahmedabad,1,7683.0,0.15,6530.55,6056.56,473.99,UPI,2025,10,2025-10,7.26,15%,0
ORD-101704,2025-10-19,C1298,Notebook Pack,Stationery,West,Ahmedabad,4,435.0,0.1,1566.0,1015.9,550.1,UPI,2025,10,2025-10,35.13,10%,0
ORD-101705,2025-10-19,C1064,Laptop,Electronics,East,Kolkata,1,52480.0,0.1,47232.0,44894.94,2337.06,UPI,2025,10,2025-10,4.95,10%,0
ORD-101706,2025-10-20,C1352,Backpack,Fashion,West,Ahmedabad,2,1868.0,0.05,3549.2,1800.09,1749.11,Debit Card,2025,10,2025-10,49.28,5%,0
ORD-101707,2025-10-20,C1366,Smartwatch,Electronics,West,Mumbai,3,8914.0,0.2,21393.6,19335.09,2058.51,Cash on Delivery,2025,10,2025-10,9.62,20%,0
ORD-101708,2025-10-21,C1287,Study Desk,Furniture,West,Ahmedabad,1,8099.0,0.1,7289.1,6147.66,1141.44,UPI,2025,10,2025-10,15.66,10%,0
ORD-101709,2025-10-21,C1216,Pen Set,Stationery,South,Bengaluru,2,320.0,0.2,512.0,292.21,219.79,Debit Card,2025,10,2025-10,42.93,20%,0
ORD-101710,2025-10-21,C1430,Pen Set,Stationery,East,Kolkata,7,323.0,0.15,1921.85,1053.31,868.54,Credit Card,2025,10,2025-10,45.19,15%,0
ORD-101711,2025-10-21,C1021,Mixer Grinder,Home & Kitchen,West,Pune,1,4039.0,0.1,3635.1,2638.56,996.54,Net Banking,2025,10,2025-10,27.41,10%,0
ORD-101712,2025-10-21,C1280,Desk Organizer,Stationery,West,Mumbai,7,697.0,0.05,4635.05,2584.14,2050.91,UPI,2025,10,2025-10,44.25,5%,0
ORD-101713,2025-10-22,C1259,Headphones,Electronics,West,Pune,3,3454.0,0.1,9325.8,6699.3,2626.5,Cash on Delivery,2025,10,2025-10,28.16,10%,0
ORD-101714,2025-10-22,C1355,Notebook Pack,Stationery,East,Patna,10,485.0,0.25,3637.5,2410.38,1227.12,Credit Card,2025,10,2025-10,33.74,25%,0
ORD-101715,2025-10-22,C1019,Backpack,Fashion,North,Chandigarh,2,1730.0,0.0,3460.0,1791.7,1668.3,Net Banking,2025,10,2025-10,48.22,0%,0
ORD-101716,2025-10-22,C1302,Mixer Grinder,Home & Kitchen,East,Patna,1,4007.0,0.0,4007.0,2656.17,1350.83,Credit Card,2025,10,2025-10,33.71,0%,0
ORD-101717,2025-10-22,C1450,Pen Set,Stationery,East,Patna,5,316.0,0.15,1343.0,734.0,609.0,UPI,2025,10,2025-10,45.35,15%,0
ORD-101718,2025-10-22,C1441,Desk Organizer,Stationery,South,Chennai,8,645.0,0.05,4902.0,3013.26,1888.74,UPI,2025,10,2025-10,38.53,5%,0
ORD-101719,2025-10-23,C1037,Mixer Grinder,Home & Kitchen,East,Kolkata,3,4047.0,0.1,10926.9,8049.88,2877.02,Debit Card,2025,10,2025-10,26.33,10%,0
ORD-101720,2025-10-23,C1137,Notebook Pack,Stationery,North,Delhi,3,470.0,0.15,1198.5,740.31,458.19,Cash on Delivery,2025,10,2025-10,38.23,15%,0
ORD-101721,2025-10-23,C1346,Desk Organizer,Stationery,North,Lucknow,3,695.0,0.05,1980.75,1115.87,864.88,Credit Card,2025,10,2025-10,43.66,5%,0
ORD-101722,2025-10-23,C1323,Cookware Set,Home & Kitchen,South,Hyderabad,1,4040.0,0.25,3030.0,2333.06,696.94,Net Banking,2025,10,2025-10,23.0,25%,0
ORD-101723,2025-10-24,C1235,Tablet,Electronics,North,Delhi,3,23006.0,0.1,62116.2,55569.35,6546.85,UPI,2025,10,2025-10,10.54,10%,0
ORD-101724,2025-10-24,C1022,Notebook Pack,Stationery,South,Hyderabad,10,449.0,0.1,4041.0,2422.14,1618.86,Credit Card,2025,10,2025-10,40.06,10%,0
ORD-101725,2025-10-25,C1443,Backpack,Fashion,North,Lucknow,4,1885.0,0.2,6032.0,3611.15,2420.85,Debit Card,2025,10,2025-10,40.13,20%,0
ORD-101726,2025-10-25,C1096,Backpack,Fashion,South,Hyderabad,4,1721.0,0.2,5507.2,3527.11,1980.09,Debit Card,2025,10,2025-10,35.95,20%,0
ORD-101727,2025-10-25,C1248,Cookware Set,Home & Kitchen,South,Hyderabad,2,3767.0,0.2,6027.2,4601.62,1425.58,Debit Card,2025,10,2025-10,23.65,20%,0
ORD-101728,2025-10-25,C1415,Headphones,Electronics,South,Hyderabad,3,3455.0,0.25,7773.75,6569.07,1204.68,Credit Card,2025,10,2025-10,15.5,25%,0
ORD-101729,2025-10-25,C1193,Headphones,Electronics,South,Hyderabad,3,3603.0,0.25,8106.75,6444.47,1662.28,UPI,2025,10,2025-10,20.5,25%,0
ORD-101730,2025-10-26,C1289,Office Chair,Furniture,East,Patna,1,8598.0,0.15,7308.3,6932.4,375.9,Credit Card,2025,10,2025-10,5.14,15%,0
ORD-101731,2025-10-26,C1371,Smartphone,Electronics,North,Delhi,1,27014.0,0.05,25663.3,23014.03,2649.27,Credit Card,2025,10,2025-10,10.32,5%,0
ORD-101732,2025-10-26,C1041,Desk Organizer,Stationery,East,Bhubaneswar,3,666.0,0.0,1998.0,1140.26,857.74,Net Banking,2025,10,2025-10,42.93,0%,0
ORD-101733,2025-10-26,C1421,Notebook Pack,Stationery,West,Pune,5,470.0,0.05,2232.5,1243.71,988.79,Debit Card,2025,10,2025-10,44.29,5%,0
ORD-101734,2025-10-27,C1412,Pen Set,Stationery,South,Hyderabad,4,288.0,0.05,1094.4,610.05,484.35,Debit Card,2025,10,2025-10,44.26,5%,0
ORD-101735,2025-10-27,C1374,Smartwatch,Electronics,North,Chandigarh,1,9090.0,0.15,7726.5,6333.48,1393.02,UPI,2025,10,2025-10,18.03,15%,0
ORD-101736,2025-10-27,C1014,Smartwatch,Electronics,West,Pune,2,8940.0,0.15,15198.0,12743.46,2454.54,UPI,2025,10,2025-10,16.15,15%,0
ORD-101737,2025-10-28,C1412,Mixer Grinder,Home & Kitchen,South,Hyderabad,1,4091.0,0.15,3477.35,2726.96,750.39,UPI,2025,10,2025-10,21.58,15%,0
ORD-101738,2025-10-28,C1394,Sofa Set,Furniture,West,Mumbai,2,31338.0,0.15,53274.6,53929.36,-654.76,Debit Card,2025,10,2025-10,-1.23,15%,1
ORD-101739,2025-10-28,C1048,Backpack,Fashion,South,Bengaluru,1,1932.0,0.05,1835.4,880.41,954.99,Debit Card,2025,10,2025-10,52.03,5%,0
ORD-101740,2025-10-28,C1122,Air Fryer,Home & Kitchen,South,Hyderabad,2,6806.0,0.1,12250.8,8727.69,3523.11,Credit Card,2025,10,2025-10,28.76,10%,0
ORD-101741,2025-10-28,C1346,Backpack,Fashion,North,Lucknow,3,1837.0,0.1,4959.9,2694.32,2265.58,Cash on Delivery,2025,10,2025-10,45.68,10%,0
ORD-101742,2025-10-28,C1087,Pen Set,Stationery,East,Patna,10,296.0,0.2,2368.0,1538.47,829.53,Net Banking,2025,10,2025-10,35.03,20%,0
ORD-101743,2025-10-29,C1399,Study Desk,Furniture,East,Patna,1,7157.0,0.15,6083.45,6021.83,61.62,UPI,2025,10,2025-10,1.01,15%,0
ORD-101744,2025-10-29,C1360,Smartwatch,Electronics,West,Mumbai,2,8639.0,0.05,16414.1,12463.59,3950.51,UPI,2025,10,2025-10,24.07,5%,0
ORD-101745,2025-10-29,C1203,Cookware Set,Home & Kitchen,South,Hyderabad,3,3758.0,0.2,9019.2,6736.71,2282.49,Cash on Delivery,2025,10,2025-10,25.31,20%,0
ORD-101746,2025-10-29,C1247,Laptop,Electronics,West,Ahmedabad,3,56699.0,0.2,136077.6,128928.34,7149.26,Credit Card,2025,10,2025-10,5.25,20%,0
ORD-101747,2025-10-29,C1400,Pen Set,Stationery,East,Patna,5,304.0,0.2,1216.0,767.46,448.54,Net Banking,2025,10,2025-10,36.89,20%,0
ORD-101748,2025-10-29,C1291,Denim Jacket,Fashion,North,Delhi,3,2836.0,0.2,6806.4,4394.67,2411.73,UPI,2025,10,2025-10,35.43,20%,0
ORD-101749,2025-10-29,C1126,Air Fryer,Home & Kitchen,West,Mumbai,3,6234.0,0.15,15896.7,12488.26,3408.44,Credit Card,2025,10,2025-10,21.44,15%,0
ORD-101750,2025-10-29,C1417,Laptop,Electronics,West,Mumbai,2,54161.0,0.0,108322.0,85873.3,22448.7,Credit Card,2025,10,2025-10,20.72,0%,0
ORD-101751,2025-10-30,C1424,Notebook Pack,Stationery,North,Delhi,3,458.0,0.15,1167.9,737.16,430.74,Cash on Delivery,2025,10,2025-10,36.88,15%,0
ORD-101752,2025-10-30,C1342,Backpack,Fashion,North,Lucknow,2,1908.0,0.1,3434.4,1842.52,1591.88,Credit Card,2025,10,2025-10,46.35,10%,0
ORD-101753,2025-10-30,C1392,Sunglasses,Fashion,South,Bengaluru,2,1470.0,0.15,2499.0,1336.07,1162.93,Credit Card,2025,10,2025-10,46.54,15%,0
ORD-101754,2025-10-31,C1032,Smartphone,Electronics,South,Chennai,3,28110.0,0.15,71680.5,66970.28,4710.22,UPI,2025,10,2025-10,6.57,15%,0
ORD-101755,2025-10-31,C1196,Tablet,Electronics,North,Lucknow,2,21606.0,0.2,34569.6,37815.74,-3246.14,UPI,2025,10,2025-10,-9.39,20%,1
ORD-101756,2025-10-31,C1272,Pen Set,Stationery,West,Mumbai,2,309.0,0.05,587.1,299.55,287.55,UPI,2025,10,2025-10,48.98,5%,0
ORD-101757,2025-11-01,C1138,Air Fryer,Home & Kitchen,North,Delhi,2,6303.0,0.1,11345.4,8324.17,3021.23,Credit Card,2025,11,2025-11,26.63,10%,0
ORD-101758,2025-11-01,C1246,Bookshelf,Furniture,South,Hyderabad,1,5894.0,0.15,5009.9,4268.91,740.99,Debit Card,2025,11,2025-11,14.79,15%,0
ORD-101759,2025-11-01,C1217,Pen Set,Stationery,West,Pune,7,289.0,0.2,1618.4,1023.85,594.55,UPI,2025,11,2025-11,36.74,20%,0
ORD-101760,2025-11-01,C1309,Notebook Pack,Stationery,West,Pune,8,460.0,0.2,2944.0,1974.95,969.05,Cash on Delivery,2025,11,2025-11,32.92,20%,0
ORD-101761,2025-11-02,C1078,Running Shoes,Fashion,West,Ahmedabad,4,3392.0,0.0,13568.0,6875.71,6692.29,UPI,2025,11,2025-11,49.32,0%,0
ORD-101762,2025-11-02,C1374,Mixer Grinder,Home & Kitchen,North,Chandigarh,2,4210.0,0.1,7578.0,5326.99,2251.01,Debit Card,2025,11,2025-11,29.7,10%,0
ORD-101763,2025-11-02,C1047,Mixer Grinder,Home & Kitchen,South,Hyderabad,3,4219.0,0.1,11391.3,8119.01,3272.29,Credit Card,2025,11,2025-11,28.73,10%,0
ORD-101764,2025-11-02,C1101,Laptop,Electronics,West,Mumbai,2,57799.0,0.2,92478.4,87825.27,4653.13,Credit Card,2025,11,2025-11,5.03,20%,0
ORD-101765,2025-11-03,C1173,Notebook Pack,Stationery,North,Chandigarh,1,441.0,0.1,396.9,252.09,144.81,Credit Card,2025,11,2025-11,36.49,10%,0
ORD-101766,2025-11-03,C1134,Denim Jacket,Fashion,West,Mumbai,1,2733.0,0.0,2733.0,1491.13,1241.87,UPI,2025,11,2025-11,45.44,0%,0
ORD-101767,2025-11-03,C1028,Backpack,Fashion,West,Pune,1,1892.0,0.25,1419.0,908.06,510.94,UPI,2025,11,2025-11,36.01,25%,0
ORD-101768,2025-11-03,C1196,Notebook Pack,Stationery,North,Lucknow,3,428.0,0.2,1027.2,739.38,287.82,Debit Card,2025,11,2025-11,28.02,20%,0
ORD-101769,2025-11-03,C1203,Cookware Set,Home & Kitchen,South,Hyderabad,3,3770.0,0.05,10744.5,6766.48,3978.02,Net Banking,2025,11,2025-11,37.02,5%,0
ORD-101770,2025-11-04,C1105,Study Desk,Furniture,South,Bengaluru,2,7255.0,0.25,10882.5,12026.48,-1143.98,Debit Card,2025,11,2025-11,-10.51,25%,1
ORD-101771,2025-11-04,C1158,Notebook Pack,Stationery,South,Hyderabad,5,474.0,0.2,1896.0,1232.47,663.53,Net Banking,2025,11,2025-11,35.0,20%,0
ORD-101772,2025-11-04,C1335,Headphones,Electronics,West,Mumbai,3,3490.0,0.25,7852.5,6551.02,1301.48,UPI,2025,11,2025-11,16.57,25%,0
ORD-101773,2025-11-04,C1418,Cookware Set,Home & Kitchen,West,Pune,3,3927.0,0.2,9424.8,6776.02,2648.78,Credit Card,2025,11,2025-11,28.1,20%,0
ORD-101774,2025-11-04,C1409,Pen Set,Stationery,West,Mumbai,9,291.0,0.1,2357.1,1371.89,985.21,Net Banking,2025,11,2025-11,41.8,10%,0
ORD-101775,2025-11-05,C1049,Sunglasses,Fashion,West,Mumbai,3,1484.0,0.0,4452.0,2000.95,2451.05,Net Banking,2025,11,2025-11,55.06,0%,0
ORD-101776,2025-11-05,C1078,Backpack,Fashion,West,Ahmedabad,4,1783.0,0.1,6418.8,3587.39,2831.41,UPI,2025,11,2025-11,44.11,10%,0
ORD-101777,2025-11-05,C1366,Bookshelf,Furniture,West,Mumbai,2,5787.0,0.1,10416.6,8767.56,1649.04,UPI,2025,11,2025-11,15.83,10%,0
ORD-101778,2025-11-05,C1384,Running Shoes,Fashion,South,Hyderabad,2,3415.0,0.15,5805.5,3586.63,2218.87,Debit Card,2025,11,2025-11,38.22,15%,0
ORD-101779,2025-11-06,C1207,Office Chair,Furniture,North,Chandigarh,1,8805.0,0.1,7924.5,7002.05,922.45,UPI,2025,11,2025-11,11.64,10%,0
ORD-101780,2025-11-06,C1005,Pen Set,Stationery,West,Ahmedabad,6,319.0,0.1,1722.6,916.21,806.39,Credit Card,2025,11,2025-11,46.81,10%,0
ORD-101781,2025-11-06,C1046,Notebook Pack,Stationery,North,Delhi,1,457.0,0.0,457.0,245.1,211.9,Debit Card,2025,11,2025-11,46.37,0%,0
ORD-101782,2025-11-06,C1381,Desk Organizer,Stationery,South,Hyderabad,6,689.0,0.15,3513.9,2310.67,1203.23,Net Banking,2025,11,2025-11,34.24,15%,0
ORD-101783,2025-11-06,C1368,Notebook Pack,Stationery,North,Chandigarh,10,479.0,0.25,3592.5,2481.65,1110.85,UPI,2025,11,2025-11,30.92,25%,0
ORD-101784,2025-11-06,C1289,Backpack,Fashion,East,Patna,1,1904.0,0.0,1904.0,897.49,1006.51,UPI,2025,11,2025-11,52.86,0%,0
ORD-101785,2025-11-07,C1079,Pen Set,Stationery,East,Bhubaneswar,2,309.0,0.15,525.3,303.88,221.42,Debit Card,2025,11,2025-11,42.15,15%,0
ORD-101786,2025-11-07,C1164,Headphones,Electronics,West,Pune,2,3574.0,0.2,5718.4,4292.58,1425.82,Net Banking,2025,11,2025-11,24.93,20%,0
ORD-101787,2025-11-07,C1344,Headphones,Electronics,North,Chandigarh,1,3408.0,0.15,2896.8,2132.6,764.2,Debit Card,2025,11,2025-11,26.38,15%,0
ORD-101788,2025-11-07,C1431,Sunglasses,Fashion,West,Pune,3,1564.0,0.2,3753.6,1990.94,1762.66,Debit Card,2025,11,2025-11,46.96,20%,0
ORD-101789,2025-11-07,C1333,Running Shoes,Fashion,South,Hyderabad,3,3050.0,0.1,8235.0,5196.99,3038.01,Credit Card,2025,11,2025-11,36.89,10%,0
ORD-101790,2025-11-08,C1095,Pen Set,Stationery,South,Chennai,5,299.0,0.25,1121.25,729.03,392.22,Credit Card,2025,11,2025-11,34.98,25%,0
ORD-101791,2025-11-08,C1415,Smartphone,Electronics,South,Hyderabad,1,28207.0,0.15,23975.95,22470.95,1505.0,Debit Card,2025,11,2025-11,6.28,15%,0
ORD-101792,2025-11-09,C1252,Backpack,Fashion,South,Hyderabad,2,1907.0,0.05,3623.3,1791.45,1831.85,Debit Card,2025,11,2025-11,50.56,5%,0
ORD-101793,2025-11-09,C1356,Smartphone,Electronics,East,Bhubaneswar,2,28423.0,0.0,56846.0,45230.57,11615.43,Debit Card,2025,11,2025-11,20.43,0%,0
ORD-101794,2025-11-09,C1249,Denim Jacket,Fashion,South,Chennai,3,3004.0,0.1,8110.8,4331.64,3779.16,UPI,2025,11,2025-11,46.59,10%,0
ORD-101795,2025-11-10,C1433,Desk Organizer,Stationery,East,Bhubaneswar,5,644.0,0.25,2415.0,1922.99,492.01,UPI,2025,11,2025-11,20.37,25%,0
ORD-101796,2025-11-10,C1358,Mixer Grinder,Home & Kitchen,South,Bengaluru,3,4164.0,0.15,10618.2,7893.25,2724.95,UPI,2025,11,2025-11,25.66,15%,0
ORD-101797,2025-11-10,C1332,Office Chair,Furniture,East,Bhubaneswar,1,8480.0,0.05,8056.0,7204.45,851.55,UPI,2025,11,2025-11,10.57,5%,0
ORD-101798,2025-11-11,C1177,Air Fryer,Home & Kitchen,West,Pune,2,6742.0,0.2,10787.2,8351.2,2436.0,Cash on Delivery,2025,11,2025-11,22.58,20%,0
ORD-101799,2025-11-11,C1021,Study Desk,Furniture,West,Pune,1,7673.0,0.2,6138.4,6104.96,33.44,Credit Card,2025,11,2025-11,0.54,20%,0
ORD-101800,2025-11-11,C1205,Desk Organizer,Stationery,South,Hyderabad,3,621.0,0.05,1769.85,1109.03,660.82,UPI,2025,11,2025-11,37.34,5%,0
ORD-101801,2025-11-11,C1147,Sofa Set,Furniture,South,Hyderabad,2,31660.0,0.25,47490.0,53699.39,-6209.39,UPI,2025,11,2025-11,-13.08,25%,1
ORD-101802,2025-11-12,C1045,Sunglasses,Fashion,South,Hyderabad,3,1497.0,0.2,3592.8,1990.69,1602.11,Debit Card,2025,11,2025-11,44.59,20%,0
ORD-101803,2025-11-12,C1386,Mixer Grinder,Home & Kitchen,West,Pune,3,4161.0,0.05,11858.85,8122.62,3736.23,Debit Card,2025,11,2025-11,31.51,5%,0
ORD-101804,2025-11-13,C1200,Study Desk,Furniture,East,Patna,2,7550.0,0.0,15100.0,12000.74,3099.26,UPI,2025,11,2025-11,20.52,0%,0
ORD-101805,2025-11-13,C1305,Mixer Grinder,Home & Kitchen,West,Pune,2,4264.0,0.1,7675.2,5455.06,2220.14,UPI,2025,11,2025-11,28.93,10%,0
ORD-101806,2025-11-13,C1294,Notebook Pack,Stationery,West,Pune,6,479.0,0.15,2442.9,1443.92,998.98,Cash on Delivery,2025,11,2025-11,40.89,15%,0
ORD-101807,2025-11-13,C1278,Air Fryer,Home & Kitchen,North,Delhi,1,6794.0,0.2,5435.2,4184.54,1250.66,Cash on Delivery,2025,11,2025-11,23.01,20%,0
ORD-101808,2025-11-14,C1433,Pen Set,Stationery,East,Bhubaneswar,3,317.0,0.15,808.35,439.74,368.61,Debit Card,2025,11,2025-11,45.6,15%,0
ORD-101809,2025-11-14,C1389,Headphones,Electronics,North,Delhi,3,3434.0,0.2,8241.6,6387.43,1854.17,UPI,2025,11,2025-11,22.5,20%,0
ORD-101810,2025-11-14,C1137,Smartwatch,Electronics,North,Delhi,1,9651.0,0.05,9168.45,6175.41,2993.04,UPI,2025,11,2025-11,32.64,5%,0
ORD-101811,2025-11-15,C1047,Running Shoes,Fashion,South,Hyderabad,1,3051.0,0.2,2440.8,1714.27,726.53,Debit Card,2025,11,2025-11,29.77,20%,0
ORD-101812,2025-11-16,C1396,Mixer Grinder,Home & Kitchen,East,Kolkata,1,4090.0,0.2,3272.0,2764.85,507.15,Net Banking,2025,11,2025-11,15.5,20%,0
ORD-101813,2025-11-16,C1426,Headphones,Electronics,West,Ahmedabad,2,3696.0,0.25,5544.0,4250.34,1293.66,Debit Card,2025,11,2025-11,23.33,25%,0
ORD-101814,2025-11-16,C1324,Running Shoes,Fashion,South,Bengaluru,1,3078.0,0.15,2616.3,1802.28,814.02,UPI,2025,11,2025-11,31.11,15%,0
ORD-101815,2025-11-16,C1090,Headphones,Electronics,East,Bhubaneswar,1,3361.0,0.05,3192.95,2210.32,982.63,UPI,2025,11,2025-11,30.77,5%,0
ORD-101816,2025-11-16,C1301,Tablet,Electronics,North,Delhi,3,22040.0,0.15,56202.0,55387.13,814.87,Credit Card,2025,11,2025-11,1.45,15%,0
ORD-101817,2025-11-16,C1164,Pen Set,Stationery,West,Pune,4,314.0,0.2,1004.8,584.18,420.62,Credit Card,2025,11,2025-11,41.86,20%,0
ORD-101818,2025-11-16,C1325,Headphones,Electronics,South,Bengaluru,2,3602.0,0.0,7204.0,4450.88,2753.12,UPI,2025,11,2025-11,38.22,0%,0
ORD-101819,2025-11-17,C1046,Study Desk,Furniture,North,Delhi,2,7688.0,0.15,13069.6,11642.82,1426.78,Credit Card,2025,11,2025-11,10.92,15%,0
ORD-101820,2025-11-17,C1009,Tablet,Electronics,East,Bhubaneswar,1,22671.0,0.25,17003.25,18782.33,-1779.08,UPI,2025,11,2025-11,-10.46,25%,1
ORD-101821,2025-11-18,C1243,Desk Organizer,Stationery,North,Chandigarh,10,631.0,0.1,5679.0,3753.11,1925.89,Credit Card,2025,11,2025-11,33.91,10%,0
ORD-101822,2025-11-18,C1074,Study Desk,Furniture,South,Hyderabad,2,7689.0,0.2,12302.4,11709.25,593.15,Credit Card,2025,11,2025-11,4.82,20%,0
ORD-101823,2025-11-19,C1137,Laptop,Electronics,North,Delhi,3,57036.0,0.1,153997.2,133339.81,20657.39,Cash on Delivery,2025,11,2025-11,13.41,10%,0
ORD-101824,2025-11-19,C1403,Air Fryer,Home & Kitchen,West,Mumbai,1,6858.0,0.05,6515.1,4238.04,2277.06,Net Banking,2025,11,2025-11,34.95,5%,0
ORD-101825,2025-11-19,C1424,Smartphone,Electronics,North,Delhi,3,27790.0,0.25,62527.5,66964.34,-4436.84,UPI,2025,11,2025-11,-7.1,25%,1
ORD-101826,2025-11-19,C1122,Pen Set,Stationery,South,Hyderabad,8,296.0,0.2,1894.4,1171.62,722.78,Credit Card,2025,11,2025-11,38.15,20%,0
ORD-101827,2025-11-20,C1097,Tablet,Electronics,South,Hyderabad,1,22660.0,0.05,21527.0,19097.1,2429.9,Credit Card,2025,11,2025-11,11.29,5%,0
ORD-101828,2025-11-20,C1417,Tablet,Electronics,West,Mumbai,1,23253.0,0.25,17439.75,18439.4,-999.65,UPI,2025,11,2025-11,-5.73,25%,1
ORD-101829,2025-11-20,C1075,Running Shoes,Fashion,North,Lucknow,2,3326.0,0.05,6319.4,3450.35,2869.05,UPI,2025,11,2025-11,45.4,5%,0
ORD-101830,2025-11-21,C1426,Headphones,Electronics,West,Ahmedabad,2,3651.0,0.2,5841.6,4273.03,1568.57,UPI,2025,11,2025-11,26.85,20%,0
ORD-101831,2025-11-21,C1372,Denim Jacket,Fashion,South,Bengaluru,1,2780.0,0.05,2641.0,1459.74,1181.26,UPI,2025,11,2025-11,44.73,5%,0
ORD-101832,2025-11-21,C1174,Backpack,Fashion,North,Chandigarh,1,1916.0,0.0,1916.0,915.63,1000.37,Debit Card,2025,11,2025-11,52.21,0%,0
ORD-101833,2025-11-21,C1418,Air Fryer,Home & Kitchen,West,Pune,2,6854.0,0.1,12337.2,8582.53,3754.67,Cash on Delivery,2025,11,2025-11,30.43,10%,0
ORD-101834,2025-11-21,C1140,Mixer Grinder,Home & Kitchen,South,Bengaluru,1,4504.0,0.05,4278.8,2753.56,1525.24,UPI,2025,11,2025-11,35.65,5%,0
ORD-101835,2025-11-21,C1214,Backpack,Fashion,West,Ahmedabad,2,1926.0,0.15,3274.2,1841.75,1432.45,UPI,2025,11,2025-11,43.75,15%,0
ORD-101836,2025-11-22,C1426,Tablet,Electronics,West,Ahmedabad,1,23123.0,0.1,20810.7,18665.82,2144.88,Debit Card,2025,11,2025-11,10.31,10%,0
ORD-101837,2025-11-22,C1347,Sunglasses,Fashion,West,Ahmedabad,1,1436.0,0.25,1077.0,656.5,420.5,UPI,2025,11,2025-11,39.04,25%,0
ORD-101838,2025-11-22,C1101,Smartwatch,Electronics,West,Mumbai,3,9020.0,0.25,20295.0,18927.79,1367.21,Credit Card,2025,11,2025-11,6.74,25%,0
ORD-101839,2025-11-22,C1359,Sofa Set,Furniture,North,Lucknow,2,30860.0,0.05,58634.0,55325.98,3308.02,UPI,2025,11,2025-11,5.64,5%,0
ORD-101840,2025-11-22,C1371,Headphones,Electronics,North,Delhi,1,3379.0,0.1,3041.1,2221.61,819.49,Debit Card,2025,11,2025-11,26.95,10%,0
ORD-101841,2025-11-22,C1402,Smartphone,Electronics,West,Ahmedabad,1,28107.0,0.2,22485.6,22688.96,-203.36,UPI,2025,11,2025-11,-0.9,20%,1
ORD-101842,2025-11-23,C1264,Headphones,Electronics,South,Bengaluru,1,3760.0,0.25,2820.0,2127.87,692.13,Debit Card,2025,11,2025-11,24.54,25%,0
ORD-101843,2025-11-23,C1308,Pen Set,Stationery,North,Chandigarh,6,289.0,0.15,1473.9,926.9,547.0,UPI,2025,11,2025-11,37.11,15%,0
ORD-101844,2025-11-23,C1120,Smartwatch,Electronics,West,Ahmedabad,1,9218.0,0.05,8757.1,6394.77,2362.33,UPI,2025,11,2025-11,26.98,5%,0
ORD-101845,2025-11-23,C1188,Mixer Grinder,Home & Kitchen,North,Delhi,1,4059.0,0.1,3653.1,2736.06,917.04,Credit Card,2025,11,2025-11,25.1,10%,0
ORD-101846,2025-11-23,C1429,Study Desk,Furniture,North,Lucknow,2,8045.0,0.25,12067.5,12198.35,-130.85,UPI,2025,11,2025-11,-1.08,25%,1
ORD-101847,2025-11-23,C1018,Backpack,Fashion,South,Bengaluru,4,1848.0,0.15,6283.2,3541.15,2742.05,Credit Card,2025,11,2025-11,43.64,15%,0
ORD-101848,2025-11-24,C1097,Notebook Pack,Stationery,South,Hyderabad,10,460.0,0.2,3680.0,2505.0,1175.0,Debit Card,2025,11,2025-11,31.93,20%,0
ORD-101849,2025-11-24,C1267,Running Shoes,Fashion,South,Bengaluru,4,3311.0,0.2,10595.2,6933.89,3661.31,UPI,2025,11,2025-11,34.56,20%,0
ORD-101850,2025-11-24,C1030,Desk Organizer,Stationery,West,Mumbai,7,694.0,0.25,3643.5,2649.28,994.22,Net Banking,2025,11,2025-11,27.29,25%,0
ORD-101851,2025-11-24,C1232,Cookware Set,Home & Kitchen,South,Hyderabad,2,3789.0,0.25,5683.5,4498.57,1184.93,Debit Card,2025,11,2025-11,20.85,25%,0
ORD-101852,2025-11-24,C1138,Backpack,Fashion,North,Delhi,1,1942.0,0.15,1650.7,897.92,752.78,UPI,2025,11,2025-11,45.6,15%,0
ORD-101853,2025-11-24,C1310,Tablet,Electronics,South,Bengaluru,1,21210.0,0.0,21210.0,18460.81,2749.19,UPI,2025,11,2025-11,12.96,0%,0
ORD-101854,2025-11-24,C1236,Notebook Pack,Stationery,South,Chennai,9,428.0,0.1,3466.8,2246.62,1220.18,UPI,2025,11,2025-11,35.2,10%,0
ORD-101855,2025-11-24,C1157,Laptop,Electronics,West,Ahmedabad,2,57173.0,0.05,108628.7,88966.9,19661.8,UPI,2025,11,2025-11,18.1,5%,0
ORD-101856,2025-11-24,C1187,Sunglasses,Fashion,West,Pune,3,1472.0,0.05,4195.2,2032.82,2162.38,UPI,2025,11,2025-11,51.54,5%,0
ORD-101857,2025-11-24,C1225,Running Shoes,Fashion,North,Chandigarh,4,3053.0,0.25,9159.0,6914.6,2244.4,UPI,2025,11,2025-11,24.5,25%,0
ORD-101858,2025-11-25,C1400,Bookshelf,Furniture,East,Patna,2,5516.0,0.2,8825.6,8342.16,483.44,Credit Card,2025,11,2025-11,5.48,20%,0
ORD-101859,2025-11-25,C1279,Denim Jacket,Fashion,West,Ahmedabad,2,2926.0,0.15,4974.2,2848.05,2126.15,Cash on Delivery,2025,11,2025-11,42.74,15%,0
ORD-101860,2025-11-25,C1414,Notebook Pack,Stationery,West,Mumbai,4,470.0,0.1,1692.0,983.28,708.72,UPI,2025,11,2025-11,41.89,10%,0
ORD-101861,2025-11-25,C1155,Running Shoes,Fashion,South,Bengaluru,2,3042.0,0.15,5171.4,3580.12,1591.28,Credit Card,2025,11,2025-11,30.77,15%,0
ORD-101862,2025-11-25,C1275,Smartwatch,Electronics,East,Bhubaneswar,3,9436.0,0.1,25477.2,18371.47,7105.73,Credit Card,2025,11,2025-11,27.89,10%,0
ORD-101863,2025-11-26,C1350,Tablet,Electronics,North,Chandigarh,2,22844.0,0.15,38834.8,38307.28,527.52,Debit Card,2025,11,2025-11,1.36,15%,0
ORD-101864,2025-11-27,C1358,Smartwatch,Electronics,South,Bengaluru,3,9362.0,0.05,26681.7,18710.76,7970.94,Net Banking,2025,11,2025-11,29.87,5%,0
ORD-101865,2025-11-27,C1283,Smartphone,Electronics,North,Lucknow,1,28549.0,0.2,22839.2,22292.48,546.72,Debit Card,2025,11,2025-11,2.39,20%,0
ORD-101866,2025-11-27,C1291,Cookware Set,Home & Kitchen,North,Delhi,1,3812.0,0.2,3049.6,2228.8,820.8,UPI,2025,11,2025-11,26.92,20%,0
ORD-101867,2025-11-27,C1135,Desk Organizer,Stationery,West,Pune,3,639.0,0.05,1821.15,1126.81,694.34,Debit Card,2025,11,2025-11,38.13,5%,0
ORD-101868,2025-11-27,C1338,Pen Set,Stationery,South,Hyderabad,10,323.0,0.15,2745.5,1465.47,1280.03,Cash on Delivery,2025,11,2025-11,46.62,15%,0
ORD-101869,2025-11-27,C1136,Desk Organizer,Stationery,North,Chandigarh,8,687.0,0.15,4671.6,3102.15,1569.45,UPI,2025,11,2025-11,33.6,15%,0
ORD-101870,2025-11-27,C1440,Laptop,Electronics,South,Chennai,2,55210.0,0.2,88336.0,88551.15,-215.15,UPI,2025,11,2025-11,-0.24,20%,1
ORD-101871,2025-11-28,C1372,Headphones,Electronics,South,Bengaluru,2,3545.0,0.0,7090.0,4433.58,2656.42,Debit Card,2025,11,2025-11,37.47,0%,0
ORD-101872,2025-11-28,C1104,Desk Organizer,Stationery,East,Kolkata,7,645.0,0.25,3386.25,2717.01,669.24,Credit Card,2025,11,2025-11,19.76,25%,0
ORD-101873,2025-11-28,C1078,Backpack,Fashion,West,Ahmedabad,4,1872.0,0.1,6739.2,3700.07,3039.13,UPI,2025,11,2025-11,45.1,10%,0
ORD-101874,2025-11-29,C1247,Backpack,Fashion,West,Ahmedabad,4,1836.0,0.15,6242.4,3508.66,2733.74,UPI,2025,11,2025-11,43.79,15%,0
ORD-101875,2025-11-29,C1310,Backpack,Fashion,South,Bengaluru,2,1830.0,0.2,2928.0,1799.7,1128.3,Credit Card,2025,11,2025-11,38.53,20%,0
ORD-101876,2025-11-29,C1119,Backpack,Fashion,West,Mumbai,2,1775.0,0.2,2840.0,1775.36,1064.64,UPI,2025,11,2025-11,37.49,20%,0
ORD-101877,2025-11-29,C1173,Desk Organizer,Stationery,North,Chandigarh,6,661.0,0.0,3966.0,2310.17,1655.83,Credit Card,2025,11,2025-11,41.75,0%,0
ORD-101878,2025-11-30,C1431,Cookware Set,Home & Kitchen,West,Pune,2,3611.0,0.0,7222.0,4548.5,2673.5,Net Banking,2025,11,2025-11,37.02,0%,0
ORD-101879,2025-11-30,C1446,Smartphone,Electronics,South,Hyderabad,1,28714.0,0.15,24406.9,22952.96,1453.94,UPI,2025,11,2025-11,5.96,15%,0
ORD-101880,2025-11-30,C1007,Backpack,Fashion,South,Chennai,2,1944.0,0.1,3499.2,1830.76,1668.44,Debit Card,2025,11,2025-11,47.68,10%,0
ORD-101881,2025-11-30,C1423,Pen Set,Stationery,South,Hyderabad,10,292.0,0.0,2920.0,1519.53,1400.47,UPI,2025,11,2025-11,47.96,0%,0
ORD-101882,2025-11-30,C1321,Pen Set,Stationery,South,Hyderabad,4,307.0,0.25,921.0,608.51,312.49,Net Banking,2025,11,2025-11,33.93,25%,0
ORD-101883,2025-11-30,C1012,Notebook Pack,Stationery,North,Chandigarh,4,431.0,0.15,1465.4,979.61,485.79,Cash on Delivery,2025,11,2025-11,33.15,15%,0
ORD-101884,2025-12-01,C1348,Headphones,Electronics,South,Hyderabad,1,3544.0,0.05,3366.8,2108.23,1258.57,Debit Card,2025,12,2025-12,37.38,5%,0
ORD-101885,2025-12-01,C1143,Notebook Pack,Stationery,West,Mumbai,3,458.0,0.05,1305.3,747.65,557.65,Credit Card,2025,12,2025-12,42.72,5%,0
ORD-101886,2025-12-01,C1321,Pen Set,Stationery,South,Hyderabad,7,289.0,0.15,1719.55,1039.76,679.79,Cash on Delivery,2025,12,2025-12,39.53,15%,0
ORD-101887,2025-12-01,C1014,Mixer Grinder,Home & Kitchen,West,Pune,1,4391.0,0.2,3512.8,2760.31,752.49,Debit Card,2025,12,2025-12,21.42,20%,0
ORD-101888,2025-12-01,C1268,Backpack,Fashion,West,Mumbai,1,1810.0,0.0,1810.0,923.16,886.84,UPI,2025,12,2025-12,49.0,0%,0
ORD-101889,2025-12-01,C1087,Bookshelf,Furniture,East,Patna,1,5935.0,0.05,5638.25,4228.23,1410.02,Net Banking,2025,12,2025-12,25.01,5%,0
ORD-101890,2025-12-02,C1436,Denim Jacket,Fashion,North,Lucknow,4,2988.0,0.15,10159.2,5680.7,4478.5,Debit Card,2025,12,2025-12,44.08,15%,0
ORD-101891,2025-12-02,C1168,Desk Organizer,Stationery,West,Pune,2,692.0,0.25,1038.0,760.95,277.05,UPI,2025,12,2025-12,26.69,25%,0
ORD-101892,2025-12-03,C1024,Backpack,Fashion,North,Chandigarh,2,1802.0,0.2,2883.2,1771.08,1112.12,Cash on Delivery,2025,12,2025-12,38.57,20%,0
ORD-101893,2025-12-03,C1298,Headphones,Electronics,West,Ahmedabad,3,3764.0,0.2,9033.6,6701.8,2331.8,Debit Card,2025,12,2025-12,25.81,20%,0
ORD-101894,2025-12-03,C1016,Notebook Pack,Stationery,West,Ahmedabad,7,452.0,0.0,3164.0,1766.2,1397.8,Debit Card,2025,12,2025-12,44.18,0%,0
ORD-101895,2025-12-03,C1419,Mixer Grinder,Home & Kitchen,North,Delhi,3,4039.0,0.0,12117.0,7989.98,4127.02,Debit Card,2025,12,2025-12,34.06,0%,0
ORD-101896,2025-12-03,C1306,Running Shoes,Fashion,West,Pune,4,3363.0,0.15,11434.2,6904.55,4529.65,UPI,2025,12,2025-12,39.61,15%,0
ORD-101897,2025-12-03,C1218,Smartphone,Electronics,West,Pune,2,27101.0,0.15,46071.7,47156.15,-1084.45,Net Banking,2025,12,2025-12,-2.35,15%,1
ORD-101898,2025-12-04,C1252,Laptop,Electronics,South,Hyderabad,1,53442.0,0.05,50769.9,43809.71,6960.19,Cash on Delivery,2025,12,2025-12,13.71,5%,0
ORD-101899,2025-12-04,C1120,Mixer Grinder,Home & Kitchen,West,Ahmedabad,1,4341.0,0.0,4341.0,2738.96,1602.04,UPI,2025,12,2025-12,36.9,0%,0
ORD-101900,2025-12-04,C1404,Headphones,Electronics,West,Ahmedabad,3,3326.0,0.15,8481.3,6348.77,2132.53,Credit Card,2025,12,2025-12,25.14,15%,0
ORD-101901,2025-12-04,C1387,Mixer Grinder,Home & Kitchen,South,Chennai,3,4439.0,0.05,12651.15,7902.59,4748.56,Debit Card,2025,12,2025-12,37.53,5%,0
ORD-101902,2025-12-05,C1037,Backpack,Fashion,East,Kolkata,3,1934.0,0.0,5802.0,2619.35,3182.65,Cash on Delivery,2025,12,2025-12,54.85,0%,0
ORD-101903,2025-12-06,C1328,Sunglasses,Fashion,East,Patna,3,1455.0,0.1,3928.5,1994.74,1933.76,Debit Card,2025,12,2025-12,49.22,10%,0
ORD-101904,2025-12-06,C1096,Tablet,Electronics,South,Hyderabad,2,20933.0,0.0,41866.0,36831.68,5034.32,Debit Card,2025,12,2025-12,12.02,0%,0
ORD-101905,2025-12-06,C1081,Sunglasses,Fashion,East,Kolkata,3,1536.0,0.05,4377.6,2072.17,2305.43,Debit Card,2025,12,2025-12,52.66,5%,0
ORD-101906,2025-12-07,C1125,Mixer Grinder,Home & Kitchen,South,Hyderabad,1,4058.0,0.15,3449.3,2698.95,750.35,Debit Card,2025,12,2025-12,21.75,15%,0
ORD-101907,2025-12-07,C1156,Desk Organizer,Stationery,East,Patna,5,685.0,0.0,3425.0,1834.43,1590.57,Credit Card,2025,12,2025-12,46.44,0%,0
ORD-101908,2025-12-08,C1311,Bookshelf,Furniture,East,Kolkata,2,5726.0,0.05,10879.4,8598.74,2280.66,Debit Card,2025,12,2025-12,20.96,5%,0
ORD-101909,2025-12-08,C1394,Backpack,Fashion,West,Mumbai,4,1728.0,0.0,6912.0,3536.95,3375.05,Debit Card,2025,12,2025-12,48.83,0%,0
ORD-101910,2025-12-08,C1118,Headphones,Electronics,South,Bengaluru,3,3395.0,0.15,8657.25,6540.83,2116.42,UPI,2025,12,2025-12,24.45,15%,0
ORD-101911,2025-12-09,C1095,Denim Jacket,Fashion,South,Chennai,2,3012.0,0.1,5421.6,2908.83,2512.77,Credit Card,2025,12,2025-12,46.35,10%,0
ORD-101912,2025-12-09,C1153,Desk Organizer,Stationery,East,Patna,2,681.0,0.05,1293.9,761.27,532.63,UPI,2025,12,2025-12,41.16,5%,0
ORD-101913,2025-12-09,C1039,Tablet,Electronics,South,Bengaluru,3,21191.0,0.15,54037.05,55241.53,-1204.48,Credit Card,2025,12,2025-12,-2.23,15%,1
ORD-101914,2025-12-09,C1158,Cookware Set,Home & Kitchen,South,Hyderabad,3,3827.0,0.1,10332.9,6728.15,3604.75,Credit Card,2025,12,2025-12,34.89,10%,0
ORD-101915,2025-12-09,C1002,Tablet,Electronics,West,Pune,3,22874.0,0.25,51466.5,55026.3,-3559.8,Debit Card,2025,12,2025-12,-6.92,25%,1
ORD-101916,2025-12-10,C1288,Desk Organizer,Stationery,West,Ahmedabad,8,699.0,0.25,4194.0,3070.58,1123.42,Cash on Delivery,2025,12,2025-12,26.79,25%,0
ORD-101917,2025-12-10,C1221,Mixer Grinder,Home & Kitchen,West,Mumbai,2,4491.0,0.0,8982.0,5312.37,3669.63,UPI,2025,12,2025-12,40.86,0%,0
ORD-101918,2025-12-11,C1104,Pen Set,Stationery,East,Kolkata,9,297.0,0.05,2539.35,1315.67,1223.68,Cash on Delivery,2025,12,2025-12,48.19,5%,0
ORD-101919,2025-12-11,C1087,Backpack,Fashion,East,Patna,1,1773.0,0.1,1595.7,898.09,697.61,UPI,2025,12,2025-12,43.72,10%,0
ORD-101920,2025-12-12,C1346,Pen Set,Stationery,North,Lucknow,8,313.0,0.05,2378.8,1234.64,1144.16,Debit Card,2025,12,2025-12,48.1,5%,0
ORD-101921,2025-12-12,C1432,Denim Jacket,Fashion,South,Bengaluru,2,2986.0,0.15,5076.2,2898.66,2177.54,Credit Card,2025,12,2025-12,42.9,15%,0
ORD-101922,2025-12-12,C1265,Smartwatch,Electronics,West,Pune,3,8983.0,0.05,25601.55,19408.29,6193.26,UPI,2025,12,2025-12,24.19,5%,0
ORD-101923,2025-12-12,C1125,Notebook Pack,Stationery,South,Hyderabad,6,429.0,0.05,2445.3,1480.94,964.36,UPI,2025,12,2025-12,39.44,5%,0
ORD-101924,2025-12-12,C1215,Air Fryer,Home & Kitchen,South,Hyderabad,1,6238.0,0.05,5926.1,4187.55,1738.55,UPI,2025,12,2025-12,29.34,5%,0
ORD-101925,2025-12-13,C1314,Tablet,Electronics,South,Chennai,1,22891.0,0.15,19457.35,18739.83,717.52,UPI,2025,12,2025-12,3.69,15%,0
ORD-101926,2025-12-14,C1289,Laptop,Electronics,East,Patna,3,54321.0,0.0,162963.0,135760.62,27202.38,UPI,2025,12,2025-12,16.69,0%,0
ORD-101927,2025-12-14,C1427,Laptop,Electronics,West,Ahmedabad,1,54438.0,0.0,54438.0,43746.73,10691.27,Cash on Delivery,2025,12,2025-12,19.64,0%,0
ORD-101928,2025-12-14,C1211,Air Fryer,Home & Kitchen,South,Chennai,2,6435.0,0.05,12226.5,8637.26,3589.24,UPI,2025,12,2025-12,29.36,5%,0
ORD-101929,2025-12-15,C1311,Headphones,Electronics,East,Kolkata,3,3721.0,0.15,9488.55,6521.95,2966.6,Debit Card,2025,12,2025-12,31.27,15%,0
ORD-101930,2025-12-15,C1012,Pen Set,Stationery,North,Chandigarh,10,301.0,0.0,3010.0,1544.71,1465.29,Cash on Delivery,2025,12,2025-12,48.68,0%,0
ORD-101931,2025-12-15,C1132,Notebook Pack,Stationery,West,Pune,5,483.0,0.0,2415.0,1246.18,1168.82,Debit Card,2025,12,2025-12,48.4,0%,0
ORD-101932,2025-12-15,C1134,Pen Set,Stationery,West,Mumbai,1,300.0,0.05,285.0,145.74,139.26,Net Banking,2025,12,2025-12,48.86,5%,0
ORD-101933,2025-12-15,C1092,Running Shoes,Fashion,South,Hyderabad,4,3210.0,0.2,10272.0,6919.78,3352.22,UPI,2025,12,2025-12,32.63,20%,0
ORD-101934,2025-12-15,C1245,Desk Organizer,Stationery,West,Mumbai,8,648.0,0.0,5184.0,3105.62,2078.38,Debit Card,2025,12,2025-12,40.09,0%,0
ORD-101935,2025-12-15,C1042,Tablet,Electronics,South,Chennai,2,21470.0,0.0,42940.0,36793.34,6146.66,UPI,2025,12,2025-12,14.31,0%,0
ORD-101936,2025-12-15,C1216,Running Shoes,Fashion,South,Bengaluru,1,3229.0,0.15,2744.65,1734.02,1010.63,Cash on Delivery,2025,12,2025-12,36.82,15%,0
ORD-101937,2025-12-16,C1432,Pen Set,Stationery,South,Bengaluru,1,292.0,0.1,262.8,146.77,116.03,UPI,2025,12,2025-12,44.15,10%,0
ORD-101938,2025-12-16,C1270,Smartphone,Electronics,West,Mumbai,1,29529.0,0.0,29529.0,23557.24,5971.76,Debit Card,2025,12,2025-12,20.22,0%,0
ORD-101939,2025-12-16,C1180,Smartphone,Electronics,North,Delhi,1,26848.0,0.15,22820.8,23216.98,-396.18,Debit Card,2025,12,2025-12,-1.74,15%,1
ORD-101940,2025-12-16,C1420,Study Desk,Furniture,West,Pune,2,8025.0,0.15,13642.5,11977.63,1664.87,UPI,2025,12,2025-12,12.2,15%,0
ORD-101941,2025-12-17,C1062,Laptop,Electronics,South,Hyderabad,2,56510.0,0.2,90416.0,86285.91,4130.09,UPI,2025,12,2025-12,4.57,20%,0
ORD-101942,2025-12-17,C1446,Smartphone,Electronics,South,Hyderabad,3,29443.0,0.05,83912.55,69192.3,14720.25,Credit Card,2025,12,2025-12,17.54,5%,0
ORD-101943,2025-12-17,C1084,Office Chair,Furniture,South,Bengaluru,1,8403.0,0.1,7562.7,7057.83,504.87,Debit Card,2025,12,2025-12,6.68,10%,0
ORD-101944,2025-12-18,C1236,Sunglasses,Fashion,South,Chennai,1,1611.0,0.05,1530.45,680.48,849.97,UPI,2025,12,2025-12,55.54,5%,0
ORD-101945,2025-12-18,C1223,Cookware Set,Home & Kitchen,West,Ahmedabad,2,3713.0,0.1,6683.4,4604.51,2078.89,Debit Card,2025,12,2025-12,31.11,10%,0
ORD-101946,2025-12-18,C1286,Denim Jacket,Fashion,North,Lucknow,1,2868.0,0.0,2868.0,1457.64,1410.36,Credit Card,2025,12,2025-12,49.18,0%,0
ORD-101947,2025-12-18,C1192,Notebook Pack,Stationery,South,Bengaluru,2,453.0,0.2,724.8,487.35,237.45,Cash on Delivery,2025,12,2025-12,32.76,20%,0
ORD-101948,2025-12-19,C1383,Headphones,Electronics,West,Ahmedabad,3,3408.0,0.05,9712.8,6699.02,3013.78,UPI,2025,12,2025-12,31.03,5%,0
ORD-101949,2025-12-19,C1220,Notebook Pack,Stationery,South,Chennai,10,434.0,0.1,3906.0,2531.53,1374.47,Net Banking,2025,12,2025-12,35.19,10%,0
ORD-101950,2025-12-19,C1119,Laptop,Electronics,West,Mumbai,3,54659.0,0.1,147579.3,128609.18,18970.12,Credit Card,2025,12,2025-12,12.85,10%,0
ORD-101951,2025-12-20,C1079,Notebook Pack,Stationery,East,Bhubaneswar,8,469.0,0.0,3752.0,1941.67,1810.33,UPI,2025,12,2025-12,48.25,0%,0
ORD-101952,2025-12-20,C1041,Mixer Grinder,Home & Kitchen,East,Bhubaneswar,2,4439.0,0.15,7546.3,5240.54,2305.76,Cash on Delivery,2025,12,2025-12,30.55,15%,0
ORD-101953,2025-12-20,C1021,Desk Organizer,Stationery,West,Pune,10,698.0,0.1,6282.0,3696.44,2585.56,Net Banking,2025,12,2025-12,41.16,10%,0
ORD-101954,2025-12-21,C1441,Pen Set,Stationery,South,Chennai,3,324.0,0.0,972.0,454.27,517.73,UPI,2025,12,2025-12,53.26,0%,0
ORD-101955,2025-12-21,C1067,Headphones,Electronics,West,Pune,2,3751.0,0.0,7502.0,4466.09,3035.91,Net Banking,2025,12,2025-12,40.47,0%,0
ORD-101956,2025-12-21,C1209,Bookshelf,Furniture,North,Chandigarh,2,5745.0,0.1,10341.0,8560.99,1780.01,Credit Card,2025,12,2025-12,17.21,10%,0
ORD-101957,2025-12-21,C1222,Smartphone,Electronics,East,Kolkata,3,27838.0,0.0,83514.0,69495.57,14018.43,Credit Card,2025,12,2025-12,16.79,0%,0
ORD-101958,2025-12-22,C1072,Denim Jacket,Fashion,South,Chennai,2,3010.0,0.0,6020.0,2895.6,3124.4,UPI,2025,12,2025-12,51.9,0%,0
ORD-101959,2025-12-22,C1193,Cookware Set,Home & Kitchen,South,Hyderabad,2,3814.0,0.15,6483.8,4565.44,1918.36,Credit Card,2025,12,2025-12,29.59,15%,0
ORD-101960,2025-12-23,C1430,Desk Organizer,Stationery,East,Kolkata,9,677.0,0.15,5179.05,3474.25,1704.8,Cash on Delivery,2025,12,2025-12,32.92,15%,0
ORD-101961,2025-12-23,C1450,Smartphone,Electronics,East,Patna,2,29159.0,0.05,55402.1,45469.22,9932.88,Net Banking,2025,12,2025-12,17.93,5%,0
ORD-101962,2025-12-23,C1092,Air Fryer,Home & Kitchen,South,Hyderabad,2,6690.0,0.0,13380.0,8578.39,4801.61,Credit Card,2025,12,2025-12,35.89,0%,0
ORD-101963,2025-12-24,C1065,Mixer Grinder,Home & Kitchen,South,Hyderabad,1,4042.0,0.1,3637.8,2757.62,880.18,Debit Card,2025,12,2025-12,24.2,10%,0
ORD-101964,2025-12-24,C1149,Cookware Set,Home & Kitchen,East,Kolkata,1,3665.0,0.2,2932.0,2280.12,651.88,UPI,2025,12,2025-12,22.23,20%,0
ORD-101965,2025-12-24,C1303,Backpack,Fashion,North,Chandigarh,1,1785.0,0.1,1606.5,875.17,731.33,Credit Card,2025,12,2025-12,45.52,10%,0
ORD-101966,2025-12-24,C1450,Notebook Pack,Stationery,East,Patna,1,449.0,0.0,449.0,247.39,201.61,UPI,2025,12,2025-12,44.9,0%,0
ORD-101967,2025-12-24,C1319,Pen Set,Stationery,East,Bhubaneswar,5,301.0,0.05,1429.75,750.98,678.77,Cash on Delivery,2025,12,2025-12,47.47,5%,0
ORD-101968,2025-12-24,C1140,Smartwatch,Electronics,South,Bengaluru,3,9586.0,0.05,27320.1,18693.49,8626.61,UPI,2025,12,2025-12,31.58,5%,0
ORD-101969,2025-12-24,C1222,Denim Jacket,Fashion,East,Kolkata,1,2808.0,0.05,2667.6,1468.44,1199.16,Cash on Delivery,2025,12,2025-12,44.95,5%,0
ORD-101970,2025-12-24,C1289,Mixer Grinder,Home & Kitchen,East,Patna,1,4436.0,0.0,4436.0,2655.92,1780.08,UPI,2025,12,2025-12,40.13,0%,0
ORD-101971,2025-12-24,C1450,Running Shoes,Fashion,East,Patna,4,3177.0,0.0,12708.0,7022.98,5685.02,UPI,2025,12,2025-12,44.74,0%,0
ORD-101972,2025-12-25,C1167,Smartwatch,Electronics,South,Bengaluru,3,9312.0,0.05,26539.2,19290.47,7248.73,Cash on Delivery,2025,12,2025-12,27.31,5%,0
ORD-101973,2025-12-25,C1443,Backpack,Fashion,North,Lucknow,1,1727.0,0.05,1640.65,904.47,736.18,Credit Card,2025,12,2025-12,44.87,5%,0
ORD-101974,2025-12-25,C1403,Sunglasses,Fashion,West,Mumbai,2,1479.0,0.15,2514.3,1354.7,1159.6,Credit Card,2025,12,2025-12,46.12,15%,0
ORD-101975,2025-12-26,C1136,Bookshelf,Furniture,North,Chandigarh,2,5503.0,0.05,10455.7,8401.79,2053.91,Debit Card,2025,12,2025-12,19.64,5%,0
ORD-101976,2025-12-26,C1427,Air Fryer,Home & Kitchen,West,Ahmedabad,3,6622.0,0.1,17879.4,12854.04,5025.36,Debit Card,2025,12,2025-12,28.11,10%,0
ORD-101977,2025-12-26,C1061,Denim Jacket,Fashion,North,Chandigarh,3,3019.0,0.1,8151.3,4363.13,3788.17,Debit Card,2025,12,2025-12,46.47,10%,0
ORD-101978,2025-12-26,C1147,Headphones,Electronics,South,Hyderabad,3,3382.0,0.0,10146.0,6323.04,3822.96,Debit Card,2025,12,2025-12,37.68,0%,0
ORD-101979,2025-12-27,C1374,Tablet,Electronics,North,Chandigarh,2,23487.0,0.1,42276.6,37310.93,4965.67,Cash on Delivery,2025,12,2025-12,11.75,10%,0
ORD-101980,2025-12-27,C1170,Backpack,Fashion,North,Delhi,1,1779.0,0.2,1423.2,885.21,537.99,Net Banking,2025,12,2025-12,37.8,20%,0
ORD-101981,2025-12-27,C1287,Smartwatch,Electronics,West,Ahmedabad,1,9078.0,0.0,9078.0,6217.41,2860.59,Debit Card,2025,12,2025-12,31.51,0%,0
ORD-101982,2025-12-28,C1094,Cookware Set,Home & Kitchen,South,Bengaluru,1,3845.0,0.0,3845.0,2309.54,1535.46,Debit Card,2025,12,2025-12,39.93,0%,0
ORD-101983,2025-12-28,C1398,Pen Set,Stationery,East,Kolkata,4,298.0,0.2,953.6,587.26,366.34,UPI,2025,12,2025-12,38.42,20%,0
ORD-101984,2025-12-28,C1340,Bookshelf,Furniture,North,Chandigarh,1,5721.0,0.25,4290.75,4253.84,36.91,UPI,2025,12,2025-12,0.86,25%,0
ORD-101985,2025-12-28,C1350,Running Shoes,Fashion,North,Chandigarh,1,3129.0,0.05,2972.55,1789.9,1182.65,Net Banking,2025,12,2025-12,39.79,5%,0
ORD-101986,2025-12-28,C1332,Backpack,Fashion,East,Bhubaneswar,4,1795.0,0.15,6103.0,3669.96,2433.04,Credit Card,2025,12,2025-12,39.87,15%,0
ORD-101987,2025-12-28,C1437,Tablet,Electronics,West,Pune,2,23608.0,0.25,35412.0,37406.27,-1994.27,UPI,2025,12,2025-12,-5.63,25%,1
ORD-101988,2025-12-29,C1022,Denim Jacket,Fashion,South,Hyderabad,3,2860.0,0.1,7722.0,4265.66,3456.34,UPI,2025,12,2025-12,44.76,10%,0
ORD-101989,2025-12-29,C1356,Cookware Set,Home & Kitchen,East,Bhubaneswar,2,4097.0,0.15,6964.9,4470.29,2494.61,UPI,2025,12,2025-12,35.82,15%,0
ORD-101990,2025-12-29,C1198,Cookware Set,Home & Kitchen,West,Ahmedabad,1,4002.0,0.0,4002.0,2240.76,1761.24,Credit Card,2025,12,2025-12,44.01,0%,0
ORD-101991,2025-12-29,C1124,Headphones,Electronics,East,Patna,3,3401.0,0.15,8672.55,6361.86,2310.69,Credit Card,2025,12,2025-12,26.64,15%,0
ORD-101992,2025-12-29,C1239,Sunglasses,Fashion,West,Pune,2,1519.0,0.1,2734.2,1378.5,1355.7,UPI,2025,12,2025-12,49.58,10%,0
ORD-101993,2025-12-30,C1030,Notebook Pack,Stationery,West,Mumbai,3,456.0,0.0,1368.0,724.22,643.78,UPI,2025,12,2025-12,47.06,0%,0
ORD-101994,2025-12-30,C1255,Laptop,Electronics,West,Pune,2,53362.0,0.15,90715.4,90106.47,608.93,UPI,2025,12,2025-12,0.67,15%,0
ORD-101995,2025-12-30,C1181,Smartwatch,Electronics,North,Delhi,3,9581.0,0.0,28743.0,19449.61,9293.39,Credit Card,2025,12,2025-12,32.33,0%,0
ORD-101996,2025-12-30,C1402,Running Shoes,Fashion,West,Ahmedabad,2,3426.0,0.05,6509.4,3479.18,3030.22,Credit Card,2025,12,2025-12,46.55,5%,0
ORD-101997,2025-12-31,C1213,Tablet,Electronics,South,Hyderabad,1,21556.0,0.15,18322.6,19226.7,-904.1,Net Banking,2025,12,2025-12,-4.93,15%,1
ORD-101998,2025-12-31,C1096,Headphones,Electronics,South,Hyderabad,2,3567.0,0.0,7134.0,4213.54,2920.46,Debit Card,2025,12,2025-12,40.94,0%,0
ORD-101999,2025-12-31,C1033,Running Shoes,Fashion,East,Bhubaneswar,2,3252.0,0.1,5853.6,3447.93,2405.67,Credit Card,2025,12,2025-12,41.1,10%,0
ORD-102000,2025-12-31,C1026,Pen Set,Stationery,North,Chandigarh,10,310.0,0.15,2635.0,1518.36,1116.64,UPI,2025,12,2025-12,42.38,15%,0
